date,peace,war,total_news,salience,direction,signed_intensity,d_signed_intensity,low_volume
2018-01-01,183,239,372641,0.0011324572,-0.13270142,-0.00015027869,,0
2018-01-02,227,298,508097,0.0010332673,-0.1352381,-0.0001397371,1.0541589e-05,0
2018-01-03,456,348,623867,0.0012887362,0.13432836,0.00017311382,0.00031285092,0
2018-01-04,416,349,607039,0.0012602156,0.087581699,0.00011037182,-6.2741999e-05,0
2018-01-05,234,240,537361,0.00088208858,-0.012658228,-1.1165678e-05,-0.0001215375,0
2018-01-06,189,203,431894,0.00090763011,-0.035714286,-3.2415361e-05,-2.1249683e-05,0
2018-01-07,167,167,338104,0.00098786172,0,0,3.2415361e-05,0
2018-01-08,242,177,618339,0.00067762182,0.15513126,0.00010512033,0.00010512033,0
2018-01-09,313,234,624128,0.00087642279,0.14442413,0.0001265766,2.1456269e-05,0
2018-01-10,343,353,634107,0.0010976066,-0.014367816,-1.5770209e-05,-0.00014234681,0
2018-01-11,422,290,579123,0.0012294452,0.18539326,0.00022793085,0.00024370106,0
2018-01-12,399,339,597977,0.0012341612,0.081300813,0.00010033831,-0.00012759255,0
2018-01-13,329,650,407765,0.0024008927,-0.3278856,-0.00078721813,-0.00088755644,0
2018-01-14,164,398,338122,0.001662122,-0.41637011,-0.0006920579,9.5160232e-05,0
2018-01-15,321,260,555931,0.0010450937,0.10499139,0.00010972585,0.00080178374,0
2018-01-16,293,256,648837,0.00084612931,0.067395264,5.7025108e-05,-5.2700739e-05,0
2018-01-17,285,221,610446,0.00082890215,0.12648221,0.00010484138,4.781627e-05,0
2018-01-18,410,329,558027,0.0013243087,0.10960758,0.00014515427,4.0312888e-05,0
2018-01-19,656,618,630594,0.0020203174,0.029827316,6.0260643e-05,-8.4893624e-05,0
2018-01-20,253,222,382134,0.0012430195,0.065263158,8.1123376e-05,2.0862732e-05,0
2018-01-21,221,323,392859,0.0013847207,-0.1875,-0.00025963514,-0.00034075851,0
2018-01-22,400,340,545224,0.0013572403,0.081081081,0.00011004651,0.00036968165,0
2018-01-23,368,310,614555,0.0011032373,0.085545723,9.4377232e-05,-1.5669281e-05,0
2018-01-24,545,365,603381,0.0015081681,0.1978022,0.00029831897,0.00020394174,0
2018-01-25,282,353,486773,0.0013045095,-0.11181102,-0.00014585854,-0.00044417751,0
2018-01-26,420,367,605023,0.001300777,0.067344346,8.7599976e-05,0.00023345852,0
2018-01-27,260,386,424774,0.0015208087,-0.19504644,-0.00029662832,-0.0003842283,0
2018-01-28,156,274,392817,0.0010946573,-0.2744186,-0.00030039433,-3.7660065e-06,0
2018-01-29,356,285,500914,0.0012796608,0.11076443,0.0001417409,0.00044213523,0
2018-01-30,248,300,546002,0.0010036593,-0.094890511,-9.5237746e-05,-0.00023697864,0
2018-01-31,230,291,597245,0.00087233882,-0.11708253,-0.00010213564,-6.8978931e-06,0
2018-02-01,302,262,638115,0.00088385322,0.070921986,6.2684626e-05,0.00016482027,0
2018-02-02,310,443,580804,0.0012964787,-0.17662683,-0.00022899291,-0.00029167754,0
2018-02-03,166,568,411787,0.0017824749,-0.54768392,-0.00097623286,-0.00074723994,0
2018-02-04,171,280,387503,0.001163862,-0.24168514,-0.00028128814,0.00069494471,0
2018-02-05,345,369,658083,0.0010849695,-0.033613445,-3.6469564e-05,0.00024481858,0
2018-02-06,302,319,669277,0.00092786694,-0.027375201,-2.5400544e-05,1.106902e-05,0
2018-02-07,480,324,649083,0.0012386706,0.19402985,0.00024033906,0.00026573961,0
2018-02-08,408,288,604822,0.0011507518,0.17241379,0.00019840548,-4.1933582e-05,0
2018-02-09,369,278,577680,0.0011199972,0.14064915,0.00015752666,-4.0878823e-05,0
2018-02-10,212,267,437017,0.0010960672,-0.11482255,-0.00012585323,-0.00028337989,0
2018-02-11,209,241,397846,0.0011310909,-0.071111111,-8.0433132e-05,4.5420095e-05,0
2018-02-12,328,303,475912,0.0013258754,0.039619651,5.253072e-05,0.00013296385,0
2018-02-13,359,417,541747,0.0014324029,-0.074742268,-0.00010706105,-0.00015959177,0
2018-02-14,397,518,571872,0.0016000084,-0.13224044,-0.00021158581,-0.00010452476,0
2018-02-15,324,606,596926,0.0015579821,-0.30322581,-0.00047242037,-0.00026083456,0
2018-02-16,519,430,540170,0.0017568543,0.093782929,0.00016476294,0.00063718331,0
2018-02-17,698,438,431487,0.002632756,0.22887324,0.0006025674,0.00043780446,0
2018-02-18,320,403,385874,0.0018736686,-0.11479945,-0.00021509612,-0.00081766352,0
2018-02-19,399,579,527929,0.0018525218,-0.18404908,-0.00034095494,-0.00012585882,0
2018-02-20,435,510,630957,0.0014977249,-0.079365079,-0.00011886705,0.00022208788,0
2018-02-21,386,414,522494,0.0015311181,-0.035,-5.3589132e-05,6.5277922e-05,0
2018-02-22,266,332,571087,0.0010471259,-0.11036789,-0.00011556908,-6.1979949e-05,0
2018-02-23,398,458,553210,0.0015473328,-0.070093458,-0.00010845791,7.1111721e-06,0
2018-02-24,318,512,456032,0.0018200477,-0.23373494,-0.00042540874,-0.00031695083,0
2018-02-25,364,368,396009,0.0018484428,-0.0054644809,-1.0100781e-05,0.00041530796,0
2018-02-26,351,334,591875,0.001157339,0.024817518,2.8722281e-05,3.8823061e-05,0
2018-02-27,269,290,530834,0.0010530599,-0.037567084,-3.956039e-05,-6.8282671e-05,0
2018-02-28,472,347,632963,0.0012939145,0.15262515,0.0001974839,0.00023704429,0
2018-03-01,528,687,701240,0.001732645,-0.1308642,-0.0002267412,-0.0004242251,0
2018-03-02,634,654,606937,0.0021221313,-0.01552795,-3.2952349e-05,0.00019378885,0
2018-03-03,371,356,396038,0.0018356824,0.020632737,3.7875153e-05,7.0827503e-05,0
2018-03-04,200,190,304496,0.001280805,0.025641026,3.2841154e-05,-5.0339995e-06,0
2018-03-05,547,464,638145,0.0015842794,0.082096934,0.00013006448,9.722333e-05,0
2018-03-06,504,348,677298,0.0012579396,0.18309859,0.00023032698,0.00010026249,0
2018-03-07,331,348,679499,0.00099926564,-0.025036819,-2.5018433e-05,-0.00025534541,0
2018-03-08,177,304,580266,0.00082893018,-0.26403326,-0.00021886514,-0.00019384671,0
2018-03-09,404,410,646495,0.0012590971,-0.0073710074,-9.2808142e-06,0.00020958433,0
2018-03-10,469,351,443413,0.0018492917,0.14390244,0.00026611759,0.00027539841,0
2018-03-11,210,281,378706,0.0012965203,-0.14460285,-0.00018748053,-0.00045359812,0
2018-03-12,566,324,620489,0.0014343526,0.27191011,0.00039001497,0.0005774955,0
2018-03-13,575,598,520736,0.002252581,-0.019607843,-4.4168254e-05,-0.00043418323,0
2018-03-14,475,567,668709,0.0015582264,-0.088291747,-0.00013757853,-9.3410274e-05,0
2018-03-15,421,637,644744,0.0016409614,-0.20415879,-0.00033501669,-0.00019743816,0
2018-03-16,457,758,649212,0.0018714996,-0.24773663,-0.000463639,-0.00012862231,0
2018-03-17,254,390,379198,0.0016983212,-0.21118012,-0.00035865168,0.00010498732,0
2018-03-18,271,466,369754,0.0019932171,-0.26458616,-0.00052737766,-0.00016872598,0
2018-03-19,492,811,635088,0.0020516842,-0.24481965,-0.0005022926,2.5085066e-05,0
2018-03-20,322,351,592576,0.0011357193,-0.043090639,-4.893887e-05,0.00045335373,0
2018-03-21,376,346,638519,0.0011307416,0.041551247,4.6983723e-05,9.5922594e-05,0
2018-03-22,460,435,629541,0.0014216707,0.027932961,3.9711472e-05,-7.2722509e-06,0
2018-03-23,299,369,558941,0.0011951172,-0.10479042,-0.00012523683,-0.0001649483,0
2018-03-24,265,202,393727,0.001186101,0.13490364,0.00016000935,0.00028524618,0
2018-03-25,207,216,370595,0.0011414077,-0.021276596,-2.4285271e-05,-0.00018429462,0
2018-03-26,374,1176,586308,0.0026436617,-0.51741935,-0.0013678817,-0.0013435965,0
2018-03-27,552,1210,568017,0.0031020198,-0.37343927,-0.001158416,0.00020946569,0
2018-03-28,364,584,657644,0.0014415094,-0.23206751,-0.0003345275,0.00082388854,0
2018-03-29,469,595,647539,0.0016431443,-0.11842105,-0.00019458287,0.00013994462,0
2018-03-30,303,673,510559,0.0019116302,-0.37909836,-0.00072469587,-0.000530113,0
2018-03-31,239,372,365672,0.0016708963,-0.21767594,-0.00036371393,0.00036098194,0
2018-04-01,197,246,307457,0.0014408519,-0.11060948,-0.00015937188,0.00020434205,0
2018-04-02,430,319,555919,0.0013473186,0.1481976,0.00019966938,0.00035904126,0
2018-04-03,438,465,616889,0.0014637966,-0.029900332,-4.3768004e-05,-0.00024343738,0
2018-04-04,457,338,550638,0.0014437798,0.14968553,0.00021611295,0.00025988095,0
2018-04-05,270,330,620507,0.00096695122,-0.1,-9.6695122e-05,-0.00031280807,0
2018-04-06,252,377,583873,0.0010772891,-0.19872814,-0.00021408765,-0.00011739253,0
2018-04-07,159,335,378673,0.0013045556,-0.3562753,-0.00046478096,-0.00025069331,0
2018-04-08,173,167,367916,0.00092412398,0.017647059,1.630807e-05,0.00048108903,0
2018-04-09,276,269,543816,0.0010021772,0.012844037,1.2872001e-05,-3.4360695e-06,0
2018-04-10,482,467,719631,0.0013187314,0.015806112,2.0844016e-05,7.9720151e-06,0
2018-04-11,375,613,678034,0.0014571541,-0.24089069,-0.00035101485,-0.00037185886,0
2018-04-12,355,1205,702027,0.0022221368,-0.54487179,-0.0012107796,-0.0008597648,0
2018-04-13,319,899,588142,0.0020709284,-0.47619048,-0.0009861564,0.00022462324,0
2018-04-14,163,532,438743,0.0015840709,-0.53093525,-0.00084103906,0.00014511735,0
2018-04-15,176,395,363474,0.0015709514,-0.38353765,-0.00060251902,0.00023852003,0
2018-04-16,333,550,576282,0.001532236,-0.24575311,-0.00037655176,0.00022596727,0
2018-04-17,279,732,656656,0.0015396189,-0.44807122,-0.00068985892,-0.00031330716,0
2018-04-18,348,337,715484,0.00095739388,0.016058394,1.5374208e-05,0.00070523313,0
2018-04-19,320,258,729864,0.00079192836,0.10726644,8.4947333e-05,6.9573124e-05,0
2018-04-20,244,266,565639,0.00090163514,-0.043137255,-3.8894065e-05,-0.0001238414,0
2018-04-21,228,192,426800,0.00098406748,0.085714286,8.4348641e-05,0.00012324271,0
2018-04-22,246,212,390271,0.0011735435,0.074235808,8.7118951e-05,2.7703096e-06,0
2018-04-23,339,290,565328,0.0011126284,0.077901431,8.6675346e-05,-4.4360468e-07,0
2018-04-24,362,279,644140,0.00099512528,0.12948518,0.00012885398,4.217863e-05,0
2018-04-25,258,289,578193,0.00094605089,-0.056672761,-5.3615315e-05,-0.00018246929,0
2018-04-26,224,342,570399,0.00099228785,-0.20848057,-0.00020687273,-0.00015325742,0
2018-04-27,439,283,612114,0.0011795188,0.21606648,0.00025485449,0.00046172722,0
2018-04-28,251,200,425337,0.0010603357,0.11308204,0.00011990492,-0.00013494957,0
2018-04-29,126,173,334236,0.00089457748,-0.15719064,-0.0001406192,-0.00026052413,0
2018-04-30,221,314,569496,0.00093942714,-0.17383178,-0.00016330229,-2.2683085e-05,0
2018-05-01,239,190,530345,0.00080890741,0.11421911,9.2392688e-05,0.00025569498,0
2018-05-02,205,239,572491,0.00077555804,-0.076576577,-5.938958e-05,-0.00015178227,0
2018-05-03,170,238,605826,0.0006734607,-0.16666667,-0.00011224345,-5.285387e-05,0
2018-05-04,221,261,600235,0.00080301882,-0.082987552,-6.6640566e-05,4.5602884e-05,0
2018-05-05,119,191,407143,0.00076140324,-0.23225806,-0.00017684204,-0.00011020148,0
2018-05-06,94,220,370773,0.00084687936,-0.40127389,-0.00033983057,-0.00016298853,0
2018-05-07,160,408,573436,0.0009905203,-0.43661972,-0.0004324807,-9.2650125e-05,0
2018-05-08,213,392,575000,0.0010521739,-0.29586777,-0.00031130435,0.00012117635,0
2018-05-09,228,282,658248,0.00077478397,-0.10588235,-8.203595e-05,0.0002292684,0
2018-05-10,470,337,610084,0.0013227687,0.16480793,0.00021800277,0.00030003872,0
2018-05-11,228,273,588830,0.0008508398,-0.089820359,-7.6422737e-05,-0.0002944255,0
2018-05-12,235,275,382780,0.001332358,-0.078431373,-0.00010449867,-2.8075931e-05,0
2018-05-13,161,229,374617,0.0010410633,-0.17435897,-0.00018151872,-7.7020057e-05,0
2018-05-14,342,238,595247,0.00097438542,0.17931034,0.00017471739,0.00035623611,0
2018-05-15,332,310,586709,0.0010942392,0.034267913,3.7497294e-05,-0.00013722009,0
2018-05-16,336,420,679567,0.0011124731,-0.11111111,-0.00012360812,-0.00016110542,0
2018-05-17,350,479,664822,0.0012469503,-0.15560917,-0.0001940369,-7.0428779e-05,0
2018-05-18,594,550,625838,0.0018279491,0.038461538,7.0305734e-05,0.00026434263,0
2018-05-19,272,211,405384,0.0011914629,0.126294,0.00015047461,8.0168878e-05,0
2018-05-20,129,197,355400,0.00091727631,-0.20858896,-0.00019133371,-0.00034180832,0
2018-05-21,344,486,568755,0.0014593278,-0.17108434,-0.00024966813,-5.8334426e-05,0
2018-05-22,268,539,571273,0.0014126346,-0.33581165,-0.00047437915,-0.00022471101,0
2018-05-23,430,453,653421,0.0013513493,-0.026047565,-3.5199358e-05,0.00043917979,0
2018-05-24,513,449,687589,0.0013990916,0.066528067,9.307886e-05,0.00012827822,0
2018-05-25,641,474,576952,0.0019325698,0.14977578,0.00028945216,0.0001963733,0
2018-05-26,309,358,434045,0.001536707,-0.073463268,-0.00011289152,-0.00040234368,0
2018-05-27,214,309,400707,0.0013051931,-0.18164436,-0.00023708096,-0.00012418944,0
2018-05-28,271,527,509200,0.0015671642,-0.32080201,-0.00050274941,-0.00026566845,0
2018-05-29,446,394,617504,0.0013603151,0.061904762,8.4209981e-05,0.00058695939,0
2018-05-30,756,660,635713,0.0022274202,0.06779661,0.00015101154,6.6801561e-05,0
2018-05-31,430,408,589294,0.0014220406,0.026252983,3.7332808e-05,-0.00011367873,0
2018-06-01,419,310,617022,0.0011814814,0.14951989,0.00017665497,0.00013932216,0
2018-06-02,212,198,399897,0.001025264,0.034146341,3.5009015e-05,-0.00014164595,0
2018-06-03,123,232,391769,0.00090614622,-0.30704225,-0.00027822518,-0.00031323419,0
2018-06-04,249,251,599852,0.00083353894,-0.004,-3.3341558e-06,0.00027489102,0
2018-06-05,292,452,641554,0.0011596841,-0.21505376,-0.00024939444,-0.00024606028,0
2018-06-06,358,293,660405,0.00098575874,0.09984639,9.8424452e-05,0.00034781889,0
2018-06-07,519,440,659278,0.0014546216,0.082377477,0.00011982805,2.1403603e-05,0
2018-06-08,418,482,556169,0.0016182132,-0.071111111,-0.00011507294,-0.00023490099,0
2018-06-09,605,622,369665,0.0033192215,-0.013854931,-4.5987583e-05,6.9085353e-05,0
2018-06-10,393,469,370702,0.0023253179,-0.088167053,-0.00020501643,-0.00015902884,0
2018-06-11,545,396,642506,0.0014645778,0.15834219,0.00023190445,0.00043692088,0
2018-06-12,564,334,687838,0.00130554,0.25612472,0.00033438106,0.00010247661,0
2018-06-13,458,293,645101,0.0011641588,0.21970706,0.0002557739,-7.8607159e-05,0
2018-06-14,434,426,666757,0.0012898252,0.0093023256,1.1998374e-05,-0.00024377553,0
2018-06-15,392,319,593690,0.0011975947,0.10267229,0.00012295979,0.00011096142,0
2018-06-16,228,203,390847,0.0011027333,0.05800464,6.3963648e-05,-5.8996146e-05,0
2018-06-17,138,168,347598,0.00088032727,-0.098039216,-8.6306596e-05,-0.00015027024,0
2018-06-18,299,224,569720,0.0009179948,0.14340344,0.00013164361,0.00021795021,0
2018-06-19,182,184,549661,0.00066586496,-0.0054644809,-3.6386063e-06,-0.00013528222,0
2018-06-20,174,365,667664,0.00080729229,-0.35435993,-0.00028607204,-0.00028243343,0
2018-06-21,249,242,601795,0.00081589246,0.014256619,1.1631868e-05,0.0002977039,0
2018-06-22,301,321,626117,0.00099342455,-0.032154341,-3.1942912e-05,-4.357478e-05,0
2018-06-23,196,176,396071,0.00093922554,0.053763441,5.0495997e-05,8.2438909e-05,0
2018-06-24,122,159,381549,0.00073647159,-0.1316726,-9.6973128e-05,-0.00014746912,0
2018-06-25,234,205,431342,0.0010177539,0.066059226,6.7232034e-05,0.00016420516,0
2018-06-26,342,291,620730,0.001019767,0.08056872,8.2161326e-05,1.4929292e-05,0
2018-06-27,512,352,521183,0.001657767,0.18518519,0.0003069939,0.00022483257,0
2018-06-28,539,442,548778,0.0017876081,0.098878695,0.00017675636,-0.00013023754,0
2018-06-29,535,385,519959,0.0017693703,0.16304348,0.00028848428,0.00011172793,0
2018-06-30,254,240,399499,0.0012365488,0.028340081,3.5043892e-05,-0.00025344039,0
2018-07-01,206,197,355034,0.0011351026,0.022332506,2.5349685e-05,-9.6942077e-06,0
2018-07-02,333,241,595307,0.00096420838,0.16027875,0.00015454211,0.00012919243,0
2018-07-03,314,329,557894,0.0011525487,-0.023328149,-2.6886828e-05,-0.00018142894,0
2018-07-04,297,330,573019,0.0010942046,-0.052631579,-5.7589713e-05,-3.0702885e-05,0
2018-07-05,376,360,635224,0.0011586464,0.02173913,2.5187965e-05,8.2777679e-05,0
2018-07-06,283,321,556974,0.0010844312,-0.062913907,-6.8225806e-05,-9.3413771e-05,0
2018-07-07,231,237,402934,0.0011614805,-0.012820513,-1.4890776e-05,5.333503e-05,0
2018-07-08,200,239,330803,0.0013270738,-0.088838269,-0.00011789494,-0.00010300416,0
2018-07-09,426,519,583429,0.0016197344,-0.098412698,-0.00015940243,-4.1507489e-05,0
2018-07-10,415,462,543768,0.0016128202,-0.05359179,-8.643392e-05,7.2968509e-05,0
2018-07-11,548,646,609944,0.0019575568,-0.082077052,-0.00016067049,-7.4236567e-05,0
2018-07-12,895,800,609647,0.0027802975,0.056047198,0.00015582788,0.00031649837,0
2018-07-13,1034,576,591098,0.0027237446,0.28447205,0.00077482922,0.00061900134,0
2018-07-14,315,324,392480,0.0016281084,-0.014084507,-2.2931105e-05,-0.00079776032,0
2018-07-15,471,380,263918,0.0032244864,0.10693302,0.00034480407,0.00036773517,0
2018-07-16,1930,1085,553822,0.0054439874,0.28026534,0.001525761,0.0011809569,0
2018-07-17,1917,1293,635478,0.0050513157,0.19439252,0.00098193801,-0.00054382298,0
2018-07-18,1156,922,652924,0.0031826062,0.11260828,0.00035838781,-0.0006235502,0
2018-07-19,727,963,646771,0.0026129805,-0.13964497,-0.00036488958,-0.00072327739,0
2018-07-20,1231,1189,613970,0.0039415607,0.017355372,6.8407251e-05,0.00043329683,0
2018-07-21,976,897,388993,0.0048149967,0.042178324,0.00020308849,0.00013468124,0
2018-07-22,785,898,354548,0.004746889,-0.067142008,-0.00031871566,-0.00052180415,0
2018-07-23,896,741,594663,0.0027528197,0.0946854,0.00026065183,0.00057936749,0
2018-07-24,533,608,647935,0.0017609791,-0.065731814,-0.00011575235,-0.00037640418,0
2018-07-25,1056,1158,642526,0.003445775,-0.046070461,-0.00015874844,-4.2996088e-05,0
2018-07-26,842,773,644603,0.0025054181,0.042724458,0.00010704263,0.00026579107,0
2018-07-27,497,715,607964,0.0019935391,-0.17986799,-0.00035857386,-0.00046561649,0
2018-07-28,672,857,377920,0.0040458298,-0.12099411,-0.00048952159,-0.00013094773,0
2018-07-29,198,367,349619,0.0016160449,-0.29911504,-0.00048338334,6.1382517e-06,0
2018-07-30,568,520,573910,0.0018957676,0.044117647,8.3636807e-05,0.00056702015,0
2018-07-31,634,643,626726,0.002037573,-0.0070477682,-1.4360342e-05,-9.799715e-05,0
2018-08-01,565,666,631563,0.0019491325,-0.082047116,-0.0001599207,-0.00014556036,0
2018-08-02,561,673,623909,0.0019778525,-0.09076175,-0.00017951336,-1.9592654e-05,0
2018-08-03,474,628,603270,0.0018267111,-0.13974592,-0.00025527542,-7.5762057e-05,0
2018-08-04,245,623,387212,0.0022416661,-0.43548387,-0.00097620941,-0.000720934,0
2018-08-05,124,397,355013,0.0014675519,-0.52399232,-0.00076898592,0.00020722349,0
2018-08-06,345,464,573402,0.0014108775,-0.14709518,-0.00020753328,0.00056145264,0
2018-08-07,438,665,618463,0.0017834535,-0.20580236,-0.00036703893,-0.00015950565,0
2018-08-08,354,725,618609,0.0017442359,-0.34383689,-0.00059973263,-0.00023269369,0
2018-08-09,274,509,596272,0.0013131591,-0.30012771,-0.00039411544,0.00020561719,0
2018-08-10,291,480,556629,0.0013851237,-0.24513619,-0.00033954393,5.4571504e-05,0
2018-08-11,209,227,374882,0.0011630326,-0.041284404,-4.8015109e-05,0.00029152882,0
2018-08-12,176,222,338950,0.0011742145,-0.11557789,-0.00013571323,-8.7698123e-05,0
2018-08-13,498,337,556789,0.0014996704,0.19281437,0.00028915801,0.00042487124,0
2018-08-14,558,475,597753,0.0017281385,0.0803485,0.00013885334,-0.00015030467,0
2018-08-15,435,431,573774,0.0015093051,0.0046189376,6.9713859e-06,-0.00013188195,0
2018-08-16,523,501,597357,0.0017142178,0.021484375,3.6828898e-05,2.9857512e-05,0
2018-08-17,531,608,561592,0.0020281628,-0.067603161,-0.00013711022,-0.00017393911,0
2018-08-18,885,328,368437,0.0032922861,0.45919209,0.0015117917,0.0016489019,0
2018-08-19,637,287,335652,0.0027528512,0.37878788,0.0010427467,-0.00046904505,0
2018-08-20,499,424,535770,0.0017227542,0.081256771,0.00013998544,-0.00090276121,0
2018-08-21,1223,483,525355,0.003247328,0.43376319,0.0014085713,0.0012685859,0
2018-08-22,817,504,580206,0.0022767776,0.23694171,0.00053946357,-0.00086910778,0
2018-08-23,595,591,589323,0.0020124787,0.0033726813,6.7874493e-06,-0.00053267612,0
2018-08-24,393,524,567255,0.0016165569,-0.14285714,-0.0002309367,-0.00023772415,0
2018-08-25,263,409,362400,0.0018543046,-0.2172619,-0.00040286976,-0.00017193305,0
2018-08-26,225,434,338914,0.0019444461,-0.31714719,-0.00061667562,-0.00021380586,0
2018-08-27,332,692,535186,0.0019133535,-0.3515625,-0.00067266334,-5.5987719e-05,0
2018-08-28,440,618,591185,0.0017896259,-0.16824197,-0.00030109018,0.00037157315,0
2018-08-29,472,551,599157,0.0017073989,-0.077223851,-0.00013185192,0.00016923826,0
2018-08-30,469,374,594012,0.0014191632,0.11269276,0.00015992943,0.00029178135,0
2018-08-31,668,507,573552,0.0020486373,0.13702128,0.00028070689,0.00012077746,0
2018-09-01,456,499,375197,0.0025453295,-0.045026178,-0.00011460646,-0.00039531335,0
2018-09-02,500,416,336594,0.0027213795,0.091703057,0.00024955882,0.00036416528,0
2018-09-03,627,472,508148,0.0021627557,0.14103731,0.00030502924,5.5470428e-05,0
2018-09-04,477,445,600959,0.0015342145,0.034707158,5.3248225e-05,-0.00025178102,0
2018-09-05,444,379,641744,0.0012824428,0.078979344,0.00010128649,4.8038269e-05,0
2018-09-06,319,334,631607,0.0010338707,-0.022970904,-2.3748945e-05,-0.00012503544,0
2018-09-07,444,522,597926,0.0016155845,-0.080745342,-0.00013045093,-0.00010670198,0
2018-09-08,255,316,386007,0.0014792478,-0.10683012,-0.00015802822,-2.7577297e-05,0
2018-09-09,155,278,361335,0.001198334,-0.28406467,-0.00034040433,-0.00018237611,0
2018-09-10,235,376,585287,0.0010439323,-0.23076923,-0.00024090745,9.9496882e-05,0
2018-09-11,250,480,621198,0.0011751487,-0.31506849,-0.00037025232,-0.00012934487,0
2018-09-12,430,399,646933,0.001281431,0.037394451,4.7918409e-05,0.00041817073,0
2018-09-13,310,329,630161,0.0010140266,-0.029733959,-3.0151025e-05,-7.8069434e-05,0
2018-09-14,672,643,613585,0.0021431424,0.022053232,4.7263215e-05,7.741424e-05,0
2018-09-15,316,368,383927,0.0017815887,-0.076023392,-0.00013544241,-0.00018270563,0
2018-09-16,167,207,341211,0.001096096,-0.10695187,-0.00011722951,1.82129e-05,0
2018-09-17,443,371,572039,0.0014229799,0.088452088,0.00012586554,0.00024309506,0
2018-09-18,339,396,630504,0.0011657341,-0.07755102,-9.0403867e-05,-0.00021626941,0
2018-09-19,448,413,631833,0.0013627019,0.040650407,5.5394384e-05,0.00014579825,0
2018-09-20,369,407,635345,0.0012213837,-0.048969072,-5.9810024e-05,-0.00011520441,0
2018-09-21,375,344,597447,0.001203454,0.043115438,5.1887448e-05,0.00011169747,0
2018-09-22,230,273,374637,0.001342633,-0.085487078,-0.00011477777,-0.00016666522,0
2018-09-23,162,288,348410,0.0012915818,-0.28,-0.00036164289,-0.00024686512,0
2018-09-24,413,412,556916,0.0014813724,0.0012121212,1.7956029e-06,0.00036343849,0
2018-09-25,444,571,615046,0.0016502831,-0.12512315,-0.00020648862,-0.00020828422,0
2018-09-26,584,553,623457,0.0018237024,0.027264732,4.9722756e-05,0.00025621138,0
2018-09-27,420,390,597028,0.0013567203,0.037037037,5.02489e-05,5.2614401e-07,0
2018-09-28,287,417,594081,0.0011850236,-0.18465909,-0.00021882538,-0.00026907428,0
2018-09-29,253,279,380488,0.0013982044,-0.04887218,-6.8333298e-05,0.00015049208,0
2018-09-30,230,287,346948,0.0014901369,-0.11025145,-0.00016428975,-9.5956451e-05,0
2018-10-01,384,290,560915,0.0012016081,0.13946588,0.00016758332,0.00033187307,0
2018-10-02,431,324,595370,0.001268119,0.14172185,0.00017972017,1.213685e-05,0
2018-10-03,387,477,600437,0.001438952,-0.10416667,-0.00014989083,-0.000329611,0
2018-10-04,380,661,609053,0.0017092109,-0.26993276,-0.000461372,-0.00031148117,0
2018-10-05,335,406,587095,0.0012621467,-0.095816464,-0.00012093443,0.00034043757,0
2018-10-06,154,277,370711,0.0011626307,-0.28538283,-0.00033179485,-0.00021086042,0
2018-10-07,104,174,360623,0.00077088816,-0.25179856,-0.00019410853,0.00013768632,0
2018-10-08,238,245,561194,0.00086066494,-0.014492754,-1.2473405e-05,0.00018163512,0
2018-10-09,278,298,606784,0.00094926695,-0.034722222,-3.2960658e-05,-2.0487253e-05,0
2018-10-10,281,343,618236,0.0010093233,-0.099358974,-0.00010028533,-6.732467e-05,0
2018-10-11,279,406,615773,0.0011124229,-0.18540146,-0.00020624483,-0.00010595951,0
2018-10-12,333,401,570441,0.0012867238,-0.092643052,-0.00011920602,8.7038816e-05,0
2018-10-13,232,270,354434,0.0014163427,-0.075697211,-0.00010721319,1.1992827e-05,0
2018-10-14,125,268,330885,0.0011877238,-0.36386768,-0.00043217432,-0.00032496113,0
2018-10-15,208,402,556079,0.0010969664,-0.31803279,-0.00034887129,8.3303027e-05,0
2018-10-16,284,446,611801,0.0011931984,-0.22191781,-0.00026479198,8.407931e-05,0
2018-10-17,323,290,615778,0.00099548863,0.053833605,5.3590742e-05,0.00031838273,0
2018-10-18,338,516,612712,0.0013938033,-0.20843091,-0.00029051169,-0.00034410243,0
2018-10-19,386,372,585372,0.0012949031,0.018469657,2.3916416e-05,0.00031442811,0
2018-10-20,184,206,364543,0.0010698326,-0.056410256,-6.0349534e-05,-8.4265949e-05,0
2018-10-21,165,221,347745,0.0011100088,-0.14507772,-0.00016103754,-0.00010068801,0
2018-10-22,253,359,565276,0.001082657,-0.17320261,-0.00018751902,-2.6481475e-05,0
2018-10-23,267,346,620841,0.00098737036,-0.12887439,-0.00012724675,6.0272266e-05,0
2018-10-24,332,341,630996,0.0010665678,-0.013372957,-1.4263165e-05,0.00011298359,0
2018-10-25,257,499,641129,0.0011791699,-0.32010582,-0.00037745914,-0.00036319597,0
2018-10-26,365,407,596941,0.0012932601,-0.054404145,-7.0358712e-05,0.00030710043,0
2018-10-27,291,267,371209,0.0015031963,0.043010753,6.4653605e-05,0.00013501232,0
2018-10-28,160,212,351218,0.0010591712,-0.13978495,-0.00014805619,-0.0002127098,0
2018-10-29,266,248,581207,0.0008843665,0.035019455,3.0970033e-05,0.00017902623,0
2018-10-30,479,589,613542,0.0017407121,-0.10299625,-0.00017928683,-0.00021025686,0
2018-10-31,436,441,623679,0.0014061721,-0.0057012543,-8.0169446e-06,0.00017126988,0
2018-11-01,611,421,596429,0.0017302982,0.18410853,0.00031856265,0.00032657959,0
2018-11-02,458,337,573265,0.0013867932,0.15220126,0.00021107167,-0.00010749098,0
2018-11-03,197,228,373881,0.0011367253,-0.072941176,-8.2914082e-05,-0.00029398575,0
2018-11-04,135,225,337037,0.001068132,-0.25,-0.000267033,-0.00018411891,0
2018-11-05,230,318,559787,0.00097894378,-0.16058394,-0.00015720265,0.00010983035,0
2018-11-06,341,331,604838,0.0011110413,0.014880952,1.6533353e-05,0.000173736,0
2018-11-07,316,220,627872,0.00085367718,0.17910448,0.00015289741,0.00013636405,0
2018-11-08,264,267,618066,0.00085913155,-0.0056497175,-4.8538506e-06,-0.00015775126,0
2018-11-09,409,301,591230,0.0012008863,0.15211268,0.00018267003,0.00018752388,0
2018-11-10,321,260,378528,0.0015348931,0.10499139,0.00016115056,-2.1519465e-05,0
2018-11-11,647,339,345053,0.002857532,0.31237323,0.0008926165,0.00073146593,0
2018-11-12,792,368,545671,0.0021258231,0.36551724,0.00077702498,-0.00011559151,0
2018-11-13,408,344,620976,0.0012109969,0.085106383,0.00010306356,-0.00067396142,0
2018-11-14,327,268,628939,0.00094603769,0.099159664,9.380878e-05,-9.2547849e-06,0
2018-11-15,321,259,636329,0.00091147818,0.10689655,9.7433875e-05,3.6250951e-06,0
2018-11-16,323,334,590677,0.001112283,-0.01674277,-1.8622699e-05,-0.00011605657,0
2018-11-17,145,204,378415,0.00092226788,-0.16905444,-0.00015591348,-0.00013729078,0
2018-11-18,130,257,335717,0.0011527566,-0.32816537,-0.00037829481,-0.00022238133,0
2018-11-19,321,424,549638,0.0013554376,-0.13825503,-0.00018739607,0.00019089875,0
2018-11-20,225,362,601238,0.00097631886,-0.23339012,-0.00022786318,-4.0467108e-05,0
2018-11-21,332,325,608585,0.0010795534,0.01065449,1.1502091e-05,0.00023936527,0
2018-11-22,372,262,554027,0.0011443486,0.17350158,0.00019854628,0.00018704419,0
2018-11-23,366,318,532334,0.0012849076,0.070175439,9.0168954e-05,-0.00010837733,0
2018-11-24,187,315,363532,0.0013808963,-0.25498008,-0.00035210105,-0.00044227001,0
2018-11-25,236,1280,341608,0.0044378352,-0.68865435,-0.0030561345,-0.0027040335,0
2018-11-26,1328,8478,563793,0.017392908,-0.72914542,-0.01268196,-0.009625825,0
2018-11-27,1543,5597,606893,0.011764842,-0.56778711,-0.0066799255,0.0060020341,0
2018-11-28,1470,3849,619751,0.0085824791,-0.44726452,-0.0038386384,0.002841287,0
2018-11-29,2421,3159,619323,0.0090098382,-0.13225806,-0.0011916238,0.0026470147,0
2018-11-30,2191,3169,584655,0.0091677998,-0.18246269,-0.0016727814,-0.00048115763,0
2018-12-01,1617,1481,384865,0.0080495758,0.04389929,0.00035337066,0.002026152,0
2018-12-02,2045,1165,330718,0.0097061545,0.2741433,0.0026608772,0.0023075066,0
2018-12-03,868,1394,561859,0.0040259211,-0.23253758,-0.00093617794,-0.0035970552,0
2018-12-04,870,1234,606402,0.0034696455,-0.1730038,-0.00060026187,0.00033591607,0
2018-12-05,630,1076,613720,0.0027797693,-0.26143025,-0.00072671577,-0.00012645389,0
2018-12-06,507,1326,600825,0.0030508051,-0.44680851,-0.0013631257,-0.00063640994,0
2018-12-07,441,1030,562547,0.0026148926,-0.40040789,-0.0010470236,0.00031610208,0
2018-12-08,208,352,354648,0.0015790305,-0.25714286,-0.00040603641,0.00064098722,0
2018-12-09,219,352,319575,0.001786748,-0.23292469,-0.00041617774,-1.0141328e-05,0
2018-12-10,439,644,531354,0.0020381892,-0.18928901,-0.00038580683,3.037091e-05,0
2018-12-11,357,803,579106,0.0020030875,-0.38448276,-0.00077015261,-0.00038434579,0
2018-12-12,243,555,587921,0.0013573252,-0.39097744,-0.00053068354,0.00023946907,0
2018-12-13,420,674,546141,0.0020031457,-0.2321755,-0.00046508136,6.5602182e-05,0
2018-12-14,491,625,552965,0.0020182109,-0.12007168,-0.00024232998,0.00022275138,0
2018-12-15,335,364,352179,0.0019847861,-0.04148784,-8.234449e-05,0.0001599855,0
2018-12-16,280,499,312822,0.0024902341,-0.28112965,-0.00070007864,-0.00061773415,0
2018-12-17,491,948,515618,0.0027908258,-0.31758165,-0.00088631506,-0.00018623642,0
2018-12-18,348,574,551086,0.0016730601,-0.24511931,-0.00041009933,0.00047621573,0
2018-12-19,530,566,575539,0.0019043019,-0.032846715,-6.2550062e-05,0.00034754927,0
2018-12-20,464,604,577643,0.0018488928,-0.13108614,-0.00024236423,-0.00017981417,0
2018-12-21,317,368,484049,0.001415146,-0.074452555,-0.00010536123,0.00013700299,0
2018-12-22,203,473,341788,0.0019778342,-0.39940828,-0.00078996337,-0.00068460214,0
2018-12-23,112,292,298194,0.0013548227,-0.44554455,-0.00060363388,0.00018632949,0
2018-12-24,248,601,386264,0.0021979786,-0.41578327,-0.00091388273,-0.00031024886,0
2018-12-25,352,372,316719,0.002285938,-0.027624309,-6.3147459e-05,0.00085073527,0
2018-12-26,295,868,388842,0.002990932,-0.49269132,-0.0014736062,-0.0014104588,0
2018-12-27,518,596,462463,0.0024088414,-0.070017953,-0.00016866214,0.0013049441,0
2018-12-28,642,518,463174,0.0025044584,0.10689655,0.00026771796,0.00043638011,0
2018-12-29,539,429,332688,0.002909633,0.11363636,0.00033064012,6.2922156e-05,0
2018-12-30,298,246,292052,0.001862682,0.095588235,0.00017805048,-0.00015258964,0
2018-12-31,313,346,365143,0.0018047724,-0.050075873,-9.0375551e-05,-0.00026842604,0
2019-01-01,188,175,297788,0.001218988,0.035812672,4.3655218e-05,0.00013403077,0
2019-01-02,242,238,446886,0.0010740994,0.0083333333,8.9508286e-06,-3.4704389e-05,0
2019-01-03,238,219,500956,0.00091225577,0.041575492,3.7927483e-05,2.8976654e-05,0
2019-01-04,288,201,488089,0.0010018665,0.17791411,0.00017824618,0.0001403187,0
2019-01-05,174,277,323797,0.001392848,-0.22838137,-0.00031810054,-0.00049634672,0
2019-01-06,131,199,302169,0.0010921041,-0.20606061,-0.00022503963,9.3060908e-05,0
2019-01-07,240,255,492100,0.0010058931,-0.03030303,-3.0481609e-05,0.00019455802,0
2019-01-08,247,194,535742,0.00082315742,0.12018141,9.8928215e-05,0.00012940982,0
2019-01-09,311,238,565657,0.00097055283,0.13296903,0.00012905347,3.0125257e-05,0
2019-01-10,374,296,567058,0.001181537,0.11641791,0.00013755207,8.4985947e-06,0
2019-01-11,337,233,544305,0.001047207,0.18245614,0.00019106935,5.3517278e-05,0
2019-01-12,128,147,346849,0.00079285222,-0.069090909,-5.4778881e-05,-0.00024584823,0
2019-01-13,190,194,314670,0.0012203261,-0.010416667,-1.271173e-05,4.2067151e-05,0
2019-01-14,354,199,524137,0.0010550677,0.28028933,0.00029572421,0.00030843594,0
2019-01-15,369,335,564620,0.0012468563,0.048295455,6.0217491e-05,-0.00023550672,0
2019-01-16,373,287,580093,0.0011377486,0.13030303,0.00014825209,8.8034599e-05,0
2019-01-17,366,311,574929,0.0011775367,0.081240768,9.5663986e-05,-5.2588104e-05,0
2019-01-18,639,359,538498,0.0018533031,0.28056112,0.00051996479,0.0004243008,0
2019-01-19,214,188,356035,0.0011291025,0.064676617,7.3026528e-05,-0.00044693826,0
2019-01-20,143,152,313260,0.00094170976,-0.030508475,-2.8730128e-05,-0.00010175666,0
2019-01-21,709,302,495595,0.0020399722,0.40257171,0.00082123508,0.00084996521,0
2019-01-22,592,288,557644,0.0015780677,0.34545455,0.00054515067,-0.00027608441,0
2019-01-23,430,289,578855,0.0012421073,0.1961057,0.00024358432,-0.00030156635,0
2019-01-24,394,438,576494,0.0014432067,-0.052884615,-7.6323431e-05,-0.00031990775,0
2019-01-25,384,416,544704,0.0014686876,-0.04,-5.8747503e-05,1.7575928e-05,0
2019-01-26,163,200,342267,0.0010605755,-0.10192837,-0.00010810274,-4.9355235e-05,0
2019-01-27,142,199,316053,0.001078933,-0.16715543,-0.0001803495,-7.224676e-05,0
2019-01-28,313,257,532393,0.0010706377,0.098245614,0.00010518546,0.00028553495,0
2019-01-29,350,287,586242,0.001086582,0.098901099,0.00010746415,2.2786979e-06,0
2019-01-30,336,285,593067,0.0010470992,0.082125604,8.5993657e-05,-2.1470496e-05,0
2019-01-31,332,302,591396,0.0010720397,0.047318612,5.0727431e-05,-3.5266225e-05,0
2019-02-01,303,294,560733,0.0010646778,0.015075377,1.605042e-05,-3.4677012e-05,0
2019-02-02,214,172,358236,0.001077502,0.10880829,0.00011724115,0.00010119073,0
2019-02-03,120,164,322356,0.00088101354,-0.15492958,-0.00013649506,-0.0002537362,0
2019-02-04,226,295,510826,0.0010199168,-0.13243762,-0.00013507535,1.4197066e-06,0
2019-02-05,259,278,560013,0.00095890631,-0.03538175,-3.3927784e-05,0.00010114756,0
2019-02-06,387,228,578420,0.0010632412,0.25853659,0.00027488676,0.00030881454,0
2019-02-07,365,229,571544,0.0010392901,0.22895623,0.00023795193,-3.6934827e-05,0
2019-02-08,754,251,543911,0.0018477288,0.50049751,0.00092478365,0.00068683172,0
2019-02-09,354,299,348465,0.0018739328,0.084226646,0.00015783508,-0.00076694857,0
2019-02-10,204,202,314312,0.0012917101,0.0049261084,6.3631042e-06,-0.00015147197,0
2019-02-11,441,428,533288,0.0016295135,0.014959724,2.4377072e-05,1.8013968e-05,0
2019-02-12,459,372,575296,0.0014444738,0.10469314,0.0001512265,0.00012684943,0
2019-02-13,601,563,588406,0.0019782259,0.032646048,6.4581259e-05,-8.6645241e-05,0
2019-02-14,321,361,594775,0.0011466521,-0.058651026,-6.7252322e-05,-0.00013183358,0
2019-02-15,326,472,556029,0.0014351769,-0.18295739,-0.00026257623,-0.00019532391,0
2019-02-16,615,376,357088,0.0027752263,0.24117053,0.0006693028,0.00093187904,0
2019-02-17,248,298,311312,0.0017538675,-0.091575092,-0.00016061058,-0.00082991338,0
2019-02-18,322,422,496431,0.0014986977,-0.1344086,-0.00020143786,-4.0827286e-05,0
2019-02-19,325,363,567800,0.0012116943,-0.055232558,-6.6924974e-05,0.00013451289,0
2019-02-20,296,413,590282,0.0012011208,-0.16502116,-0.00019821035,-0.00013128537,0
2019-02-21,377,431,591398,0.0013662542,-0.066831683,-9.1309068e-05,0.00010690128,0
2019-02-22,250,319,559136,0.0010176415,-0.12126538,-0.00012340468,-3.2095614e-05,0
2019-02-23,109,225,357936,0.00093312771,-0.34730539,-0.00032408028,-0.0002006756,0
2019-02-24,160,220,327993,0.0011585613,-0.15789474,-0.00018293073,0.00014114955,0
2019-02-25,387,377,553023,0.0013814977,0.013089005,1.8082431e-05,0.00020101316,0
2019-02-26,466,473,577907,0.0016248289,-0.0074547391,-1.2112676e-05,-3.0195106e-05,0
2019-02-27,528,415,594100,0.0015872749,0.11983033,0.00019020367,0.00020231634,0
2019-02-28,357,377,595251,0.0012330933,-0.027247956,-3.3599272e-05,-0.00022380294,0
2019-03-01,424,329,559164,0.0013466532,0.12616202,0.00016989649,0.00020349576,0
2019-03-02,151,242,345335,0.0011380254,-0.23155216,-0.00026351224,-0.00043340873,0
2019-03-03,137,171,322812,0.00095411571,-0.11038961,-0.00010532446,0.00015818778,0
2019-03-04,302,306,529873,0.0011474448,-0.0065789474,-7.5489787e-06,9.7775483e-05,0
2019-03-05,252,223,567060,0.00083765386,0.061052632,5.1140973e-05,5.8689951e-05,0
2019-03-06,263,380,562602,0.0011429039,-0.18195956,-0.00020796229,-0.00025910326,0
2019-03-07,315,337,582300,0.0011196978,-0.033742331,-3.7781212e-05,0.00017018108,0
2019-03-08,247,218,540030,0.00086106327,0.062365591,5.370072e-05,9.1481933e-05,0
2019-03-09,142,166,345346,0.00089185918,-0.077922078,-6.949552e-05,-0.00012319624,0
2019-03-10,115,111,324986,0.00069541457,0.017699115,1.2308223e-05,8.1803743e-05,0
2019-03-11,190,217,534250,0.00076181563,-0.066339066,-5.0538138e-05,-6.284636e-05,0
2019-03-12,318,283,589422,0.001019643,0.058236273,5.9380206e-05,0.00010991834,0
2019-03-13,271,318,580276,0.0010150342,-0.079796265,-8.099594e-05,-0.00014037615,0
2019-03-14,293,257,588363,0.00093479706,0.065454545,6.1186716e-05,0.00014218266,0
2019-03-15,239,415,571667,0.0011440227,-0.26911315,-0.00030787154,-0.00036905826,0
2019-03-16,147,256,349991,0.0011514582,-0.27047146,-0.00031143658,-3.5650392e-06,0
2019-03-17,121,228,317112,0.0011005575,-0.30659026,-0.00033742022,-2.5983638e-05,0
2019-03-18,398,509,533461,0.001700218,-0.12238148,-0.00020807519,0.00012934503,0
2019-03-19,235,292,590222,0.00089288437,-0.10815939,-9.6573832e-05,0.00011150136,0
2019-03-20,268,243,597835,0.00085475089,0.048923679,4.1817558e-05,0.00013839139,0
2019-03-21,277,382,583386,0.0011296123,-0.15933232,-0.00017998375,-0.00022180131,0
2019-03-22,502,269,559782,0.0013773219,0.30220493,0.00041623346,0.00059621721,0
2019-03-23,293,177,361090,0.0013016146,0.24680851,0.00032124955,-9.4983912e-05,0
2019-03-24,194,192,324381,0.0011899587,0.0051813472,6.1655892e-06,-0.00031508396,0
2019-03-25,598,334,540917,0.001723,0.2832618,0.00048806009,0.0004818945,0
2019-03-26,296,288,583705,0.0010005054,0.01369863,1.3705553e-05,-0.00047435454,0
2019-03-27,452,270,597502,0.0012083642,0.25207756,0.00030460149,0.00029089594,0
2019-03-28,459,277,596163,0.0012345617,0.24728261,0.00030528563,6.841441e-07,0
2019-03-29,468,403,571705,0.001523513,0.074626866,0.000113695,-0.00019159063,0
2019-03-30,283,276,359128,0.0015565481,0.012522361,1.9491658e-05,-9.4203342e-05,0
2019-03-31,513,384,336067,0.0026691106,0.14381271,0.00038385203,0.00036436037,0
2019-04-01,812,452,547471,0.0023087981,0.28481013,0.00065756908,0.00027371705,0
2019-04-02,382,369,590482,0.0012718423,0.017310253,2.2015912e-05,-0.00063555316,0
2019-04-03,395,470,584430,0.0014800746,-0.086705202,-0.00012833017,-0.00015034608,0
2019-04-04,306,346,596143,0.0010936973,-0.061349693,-6.7097995e-05,6.1232173e-05,0
2019-04-05,253,273,541945,0.0009705782,-0.038022814,-3.6904114e-05,3.0193881e-05,0
2019-04-06,203,296,350724,0.0014227712,-0.18637275,-0.00026516577,-0.00022826166,0
2019-04-07,216,252,321289,0.0014566325,-0.076923077,-0.00011204865,0.00015311712,0
2019-04-08,475,317,543963,0.0014559814,0.19949495,0.00029046093,0.00040250959,0
2019-04-09,358,258,591837,0.0010408271,0.16233766,0.00016896544,-0.00012149549,0
2019-04-10,528,198,606251,0.0011975238,0.45454545,0.000544329,0.00037536356,0
2019-04-11,450,331,597315,0.0013075178,0.15236876,0.00019922486,-0.00034510413,0
2019-04-12,678,386,565707,0.0018808323,0.27443609,0.00051616826,0.0003169434,0
2019-04-13,290,297,356382,0.001647109,-0.011925043,-1.9641845e-05,-0.00053581011,0
2019-04-14,176,249,323587,0.0013134026,-0.17176471,-0.00022559621,-0.00020595436,0
2019-04-15,390,451,539012,0.0015602621,-0.072532699,-0.00011317002,0.00011242619,0
2019-04-16,435,310,581678,0.0012807773,0.16778523,0.00021489553,0.00032806555,0
2019-04-17,396,274,596862,0.0011225375,0.18208955,0.00020440236,-1.0493169e-05,0
2019-04-18,481,331,573699,0.0014153764,0.18472906,0.00026146115,5.7058792e-05,0
2019-04-19,600,395,484049,0.002055577,0.20603015,0.00042351084,0.00016204969,0
2019-04-20,269,213,336078,0.0014341909,0.11618257,0.00016662799,-0.00025688286,0
2019-04-21,462,326,313462,0.0025138613,0.17258883,0.00043386439,0.00026723641,0
2019-04-22,980,467,479179,0.0030197484,0.35452661,0.0010705811,0.00063671675,0
2019-04-23,626,332,563830,0.0016990937,0.30688935,0.00052143377,-0.00054914737,0
2019-04-24,802,554,591325,0.0022931552,0.18289086,0.00041939712,-0.00010203665,0
2019-04-25,739,424,584120,0.0019910292,0.27085125,0.00053927275,0.00011987564,0
2019-04-26,659,270,562597,0.0016512708,0.41872982,0.00069143632,0.00015216357,0
2019-04-27,420,366,352776,0.0022280427,0.06870229,0.00015307164,-0.00053836468,0
2019-04-28,513,361,332695,0.0026270308,0.17391304,0.00045687492,0.00030380328,0
2019-04-29,404,408,522861,0.001552994,-0.0049261084,-7.6502168e-06,-0.00046452513,0
2019-04-30,375,262,570267,0.0011170206,0.17739403,0.0001981528,0.00020580301,0
2019-05-01,196,299,485506,0.0010195549,-0.20808081,-0.0002121498,-0.00041030259,0
2019-05-02,352,396,549026,0.0013624127,-0.058823529,-8.0141924e-05,0.00013200787,0
2019-05-03,499,443,530092,0.00177705,0.059447983,0.00010564204,0.00018578396,0
2019-05-04,199,245,355768,0.0012480043,-0.1036036,-0.00012929774,-0.00023493978,0
2019-05-05,226,233,341957,0.001342274,-0.015250545,-2.047041e-05,0.00010882733,0
2019-05-06,355,256,515301,0.0011857148,0.16202946,0.00019212072,0.00021259113,0
2019-05-07,266,257,574256,0.00091074364,0.017208413,1.5672453e-05,-0.00017644827,0
2019-05-08,236,265,582183,0.00086055416,-0.057884232,-4.9812516e-05,-6.5484969e-05,0
2019-05-09,191,238,577844,0.00074241491,-0.10955711,-8.1336831e-05,-3.1524315e-05,0
2019-05-10,364,305,554114,0.0012073328,0.08819133,0.00010647628,0.00018781312,0
2019-05-11,198,180,350696,0.0010778566,0.047619048,5.1326505e-05,-5.514978e-05,0
2019-05-12,163,162,317985,0.0010220608,0.0030769231,3.1448024e-06,-4.8181703e-05,0
2019-05-13,491,341,536102,0.0015519435,0.18028846,0.0002797975,0.0002766527,0
2019-05-14,567,367,585896,0.0015941396,0.21413276,0.00034135751,6.1560009e-05,0
2019-05-15,427,291,591221,0.0012144359,0.18941504,0.00023003242,-0.00011132509,0
2019-05-16,670,220,591207,0.0015053949,0.50561798,0.00076115472,0.0005311223,0
2019-05-17,404,219,556159,0.0011201833,0.29695024,0.00033263869,-0.00042851603,0
2019-05-18,145,146,353256,0.0008237652,-0.0034364261,-2.8308083e-06,-0.0003354695,0
2019-05-19,155,170,325667,0.0009979519,-0.046153846,-4.6059318e-05,-4.322851e-05,0
2019-05-20,891,233,527535,0.0021306643,0.58540925,0.0012473106,0.0012933699,0
2019-05-21,679,345,572682,0.0017880779,0.32617188,0.00058322071,-0.0006640899,0
2019-05-22,759,304,586055,0.0018138229,0.42803387,0.00077637764,0.00019315694,0
2019-05-23,631,289,586614,0.0015683226,0.37173913,0.00058300688,-0.00019337076,0
2019-05-24,535,264,554998,0.0014396448,0.33917397,0.00048829005,-9.4716836e-05,0
2019-05-25,303,250,345474,0.0016006993,0.095840868,0.00015341241,-0.00033487763,0
2019-05-26,205,279,339260,0.0014266344,-0.15289256,-0.00021812179,-0.00037153421,0
2019-05-27,422,240,485161,0.0013644955,0.27492447,0.0003751332,0.000593255,0
2019-05-28,369,230,552153,0.0010848442,0.23205342,0.00025174182,-0.00012339139,0
2019-05-29,297,201,571014,0.00087213273,0.19277108,0.00016812197,-8.3619845e-05,0
2019-05-30,482,269,554953,0.0013532678,0.28362184,0.00038381629,0.00021569431,0
2019-05-31,364,195,538059,0.0010389195,0.30232558,0.00031409195,-6.9724338e-05,0
2019-06-01,166,214,349368,0.0010876783,-0.12631579,-0.00013739095,-0.00045148289,0
2019-06-02,172,163,295119,0.0011351353,0.026865672,3.0496173e-05,0.00016788712,0
2019-06-03,444,234,520036,0.0013037559,0.30973451,0.0004038182,0.00037332202,0
2019-06-04,625,286,551818,0.0016509066,0.37211855,0.00061433299,0.00021051479,0
2019-06-05,665,390,545910,0.001932553,0.26066351,0.00050374604,-0.00011058695,0
2019-06-06,705,419,547521,0.0020528893,0.2544484,0.00052235439,1.8608355e-05,0
2019-06-07,908,604,518061,0.0029185752,0.2010582,0.00058680348,6.4449091e-05,0
2019-06-08,230,257,335951,0.0014496162,-0.055441478,-8.0368863e-05,-0.00066717235,0
2019-06-09,233,256,305141,0.0016025378,-0.047034765,-7.5374991e-05,4.9938727e-06,0
2019-06-10,393,450,506985,0.0016627711,-0.067615658,-0.00011242936,-3.7054371e-05,0
2019-06-11,418,243,566933,0.0011659226,0.26475038,0.00030867845,0.00042110781,0
2019-06-12,460,309,570073,0.00134895,0.19635891,0.00026487836,-4.3800093e-05,0
2019-06-13,436,312,565204,0.001323416,0.1657754,0.00021938981,-4.5488544e-05,0
2019-06-14,372,335,531773,0.0013295147,0.052333805,6.9578561e-05,-0.00014981125,0
2019-06-15,176,201,330545,0.0011405406,-0.066312997,-7.5632667e-05,-0.00014521123,0
2019-06-16,136,202,300557,0.0011245787,-0.19526627,-0.00021959229,-0.00014395962,0
2019-06-17,421,358,469557,0.0016590105,0.080872914,0.00013416901,0.0003537613,0
2019-06-18,639,365,548269,0.0018312179,0.27290837,0.00049975468,0.00036558567,0
2019-06-19,628,378,546694,0.0018401519,0.24850895,0.00045729421,-4.2460474e-05,0
2019-06-20,695,443,532580,0.0021367682,0.22144112,0.00047316835,1.5874142e-05,0
2019-06-21,466,398,514540,0.0016791697,0.078703704,0.00013215688,-0.00034101147,0
2019-06-22,123,286,317482,0.001288262,-0.39853301,-0.00051341493,-0.00064557181,0
2019-06-23,115,166,278915,0.0010074754,-0.18149466,-0.00018285141,0.00033056353,0
2019-06-24,335,341,501889,0.0013469114,-0.0088757396,-1.1954835e-05,0.00017089657,0
2019-06-25,363,405,533291,0.0014401143,-0.0546875,-7.8756251e-05,-6.6801417e-05,0
2019-06-26,474,383,559876,0.0015306961,0.10618436,0.00016253599,0.00024129224,0
2019-06-27,615,412,559529,0.0018354723,0.1976631,0.00036280515,0.00020026915,0
2019-06-28,992,519,523192,0.0028880411,0.31303772,0.00090406581,0.00054126067,0
2019-06-29,364,271,332558,0.0019094414,0.14645669,0.00027965047,-0.00062441534,0
2019-06-30,235,226,306767,0.0015027692,0.019522777,2.9338227e-05,-0.00025031224,0
2019-07-01,429,356,501715,0.0015646333,0.092993631,0.00014550093,0.0001161627,0
2019-07-02,441,467,533759,0.0017011423,-0.028634361,-4.8711122e-05,-0.00019421205,0
2019-07-03,437,411,545890,0.0015534265,0.030660377,4.7628643e-05,9.6339766e-05,0
2019-07-04,626,437,490272,0.0021681842,0.17779868,0.00038550029,0.00033787165,0
2019-07-05,455,300,477685,0.0015805395,0.20529801,0.00032448161,-6.1018679e-05,0
2019-07-06,270,159,312638,0.001372194,0.25874126,0.00035504321,3.0561598e-05,0
2019-07-07,189,209,299153,0.0013304229,-0.050251256,-6.6855422e-05,-0.00042189863,0
2019-07-08,739,320,494895,0.0021398478,0.39565628,0.00084664424,0.00091349966,0
2019-07-09,421,370,532760,0.0014847211,0.064475348,9.5727908e-05,-0.00075091633,0
2019-07-10,459,306,545918,0.0014013094,0.2,0.00028026187,0.00018453396,0
2019-07-11,701,363,543604,0.0019573072,0.31766917,0.00062177615,0.00034151428,0
2019-07-12,534,345,516277,0.0017025744,0.21501706,0.00036608255,-0.0002556936,0
2019-07-13,233,368,324067,0.0018545548,-0.22462562,-0.00041658052,-0.00078266307,0
2019-07-14,171,216,300689,0.0012870441,-0.11627907,-0.00014965629,0.00026692423,0
2019-07-15,523,321,496030,0.00170151,0.23933649,0.00040723343,0.00055688972,0
2019-07-16,593,362,541094,0.0017649429,0.24188482,0.00042691288,1.967945e-05,0
2019-07-17,661,307,550809,0.001757415,0.36570248,0.00064269102,0.00021577814,0
2019-07-18,796,430,551040,0.0022248839,0.29853181,0.00066419861,2.1507583e-05,0
2019-07-19,527,369,511797,0.0017506941,0.17633929,0.00030871615,-0.00035548246,0
2019-07-20,242,288,320084,0.0016558153,-0.086792453,-0.00014371228,-0.00045242843,0
2019-07-21,498,239,298078,0.0024725072,0.35142469,0.00086890009,0.0010126124,0
2019-07-22,592,296,496101,0.0017899581,0.33333333,0.0005966527,-0.00027224739,0
2019-07-23,310,355,542655,0.0012254563,-0.067669173,-8.2925616e-05,-0.00067957831,0
2019-07-24,422,282,550539,0.0012787468,0.19886364,0.00025429624,0.00033722186,0
2019-07-25,580,369,542767,0.0017484482,0.2223393,0.00038874876,0.00013445252,0
2019-07-26,467,359,510044,0.0016194681,0.13075061,0.00021174644,-0.00017700233,0
2019-07-27,172,196,320494,0.0011482274,-0.065217391,-7.4884397e-05,-0.00028663083,0
2019-07-28,123,241,293745,0.00123917,-0.32417582,-0.00040170897,-0.00032682457,0
2019-07-29,400,332,488126,0.0014996128,0.092896175,0.00013930829,0.00054101726,0
2019-07-30,271,189,536137,0.00085798966,0.17826087,0.00015294598,1.3637689e-05,0
2019-07-31,240,236,551657,0.000862855,0.0084033613,7.2508823e-06,-0.0001456951,0
2019-08-01,355,236,544051,0.0010862952,0.20135364,0.00021872949,0.00021147861,0
2019-08-02,349,203,499653,0.0011047667,0.26449275,0.00029220279,7.3473295e-05,0
2019-08-03,204,134,312326,0.0010822026,0.20710059,0.00022412479,-6.8077996e-05,0
2019-08-04,147,128,299125,0.0009193481,0.069090909,6.3518596e-05,-0.0001606062,0
2019-08-05,278,277,483118,0.0011487877,0.0018018018,2.0698877e-06,-6.1448708e-05,0
2019-08-06,443,296,526808,0.0014027881,0.19891746,0.00027903904,0.00027696915,0
2019-08-07,889,842,540520,0.0032024717,0.027151935,8.6953304e-05,-0.00019208574,0
2019-08-08,514,422,534809,0.0017501575,0.098290598,0.00017202403,8.5070727e-05,0
2019-08-09,406,398,510275,0.001575621,0.0099502488,1.5677821e-05,-0.00015634621,0
2019-08-10,219,200,319632,0.0013108825,0.045346062,5.944336e-05,4.3765539e-05,0
2019-08-11,206,183,286034,0.0013599782,0.059125964,8.0410021e-05,2.0966661e-05,0
2019-08-12,247,211,460999,0.00099349456,0.07860262,7.8091276e-05,-2.3187455e-06,0
2019-08-13,535,302,494778,0.0016916678,0.27837515,0.00047091827,0.00039282699,0
2019-08-14,371,223,511339,0.001161656,0.24915825,0.00028943617,-0.0001814821,0
2019-08-15,327,317,483144,0.0013329359,0.01552795,2.0697763e-05,-0.0002687384,0
2019-08-16,270,253,488425,0.0010707888,0.03250478,3.4805753e-05,1.410799e-05,0
2019-08-17,123,159,312833,0.00090143943,-0.12765957,-0.00011507737,-0.00014988313,0
2019-08-18,149,156,293299,0.0010398944,-0.02295082,-2.386643e-05,9.1210944e-05,0
2019-08-19,699,560,482115,0.0026114101,0.11040508,0.00028831295,0.00031217938,0
2019-08-20,524,310,512041,0.0016287758,0.25659472,0.00041793528,0.00012962233,0
2019-08-21,610,314,533452,0.0017321146,0.32034632,0.00055487654,0.00013694126,0
2019-08-22,524,312,529087,0.0015800804,0.25358852,0.00040069025,-0.00015418629,0
2019-08-23,605,459,499521,0.0021300406,0.13721805,0.00029228,-0.00010841024,0
2019-08-24,415,473,329635,0.0026938887,-0.065315315,-0.00017595219,-0.00046823219,0
2019-08-25,318,749,298799,0.0035709624,-0.40393627,-0.0014424412,-0.0012664891,0
2019-08-26,717,592,474152,0.0027607181,0.095492743,0.00026362854,0.0017060698,0
2019-08-27,604,481,523306,0.0020733567,0.11336406,0.00023504412,-2.8584418e-05,0
2019-08-28,633,397,538641,0.0019122198,0.22912621,0.00043813969,0.00020309557,0
2019-08-29,555,405,534574,0.0017958225,0.15625,0.00028059726,-0.00015754243,0
2019-08-30,914,332,501716,0.0024834767,0.4670947,0.0011600188,0.00087942155,0
2019-08-31,280,348,321579,0.0019528638,-0.10828025,-0.00021145659,-0.0013714754,0
2019-09-01,228,552,302842,0.0025756005,-0.41538462,-0.0010698648,-0.00085840822,0
2019-09-02,330,323,439231,0.0014866892,0.010719755,1.5936944e-05,0.0010858018,0
2019-09-03,382,283,510643,0.0013022797,0.14887218,0.00019387321,0.00017793627,0
2019-09-04,487,209,543845,0.0012797764,0.39942529,0.00051117506,0.00031730184,0
2019-09-05,708,337,532554,0.0019622423,0.35502392,0.00069664297,0.00018546791,0
2019-09-06,557,272,507294,0.0016341609,0.3437877,0.0005618044,-0.00013483857,0
2019-09-07,1256,308,312530,0.0050043196,0.60613811,0.0030333088,0.0024715044,0
2019-09-08,523,278,294714,0.0027178892,0.30586767,0.00083131443,-0.0022019944,0
2019-09-09,930,256,489879,0.002421006,0.5682968,0.00137585,0.00054453553,0
2019-09-10,780,368,534367,0.0021483363,0.35888502,0.00077100569,-0.00060484426,0
2019-09-11,625,300,532778,0.0017361828,0.35135135,0.00061001017,-0.00016099552,0
2019-09-12,482,252,537433,0.0013657516,0.3133515,0.00042796032,-0.00018204985,0
2019-09-13,560,272,494363,0.0016829738,0.34615385,0.00058256787,0.00015460755,0
2019-09-14,377,155,313982,0.0016943646,0.41729323,0.0007070469,0.00012447903,0
2019-09-15,217,118,295775,0.0011326177,0.29552239,0.00033471389,-0.00037233301,0
2019-09-16,403,199,497858,0.0012091801,0.33887043,0.00040975539,7.5041505e-05,0
2019-09-17,451,253,529118,0.0013305161,0.28125,0.00037420764,-3.5547748e-05,0
2019-09-18,521,250,542926,0.001420083,0.35149157,0.00049914721,0.00012493957,0
2019-09-19,849,260,542773,0.0020432114,0.53110911,0.0010851682,0.00058602099,0
2019-09-20,625,283,515934,0.001759915,0.37665198,0.00066287548,-0.00042229272,0
2019-09-21,287,178,310909,0.0014956145,0.2344086,0.0003505849,-0.00031229059,0
2019-09-22,199,220,294180,0.001424298,-0.050119332,-7.1384866e-05,-0.00042196976,0
2019-09-23,988,355,486570,0.0027601373,0.47133284,0.0013009433,0.0013723282,0
2019-09-24,607,457,528837,0.0020119621,0.14097744,0.00028364127,-0.0010173021,0
2019-09-25,693,521,539615,0.0022497521,0.1416804,0.00031874577,3.5104499e-05,0
2019-09-26,775,355,533764,0.0021170405,0.37168142,0.00078686461,0.00046811883,0
2019-09-27,605,278,509849,0.0017318853,0.37032843,0.00064136637,-0.00014549824,0
2019-09-28,575,520,308315,0.0035515625,0.050228311,0.00017838899,-0.00046297738,0
2019-09-29,277,247,287903,0.0018200574,0.057251908,0.00010420176,-7.4187223e-05,0
2019-09-30,530,467,437102,0.0022809321,0.063189569,0.00014413112,3.9929356e-05,0
2019-10-01,612,335,514340,0.0018411945,0.29250264,0.00053855426,0.00039442315,0
2019-10-02,1192,346,505415,0.0030430438,0.55006502,0.001673872,0.0011353177,0
2019-10-03,877,324,503247,0.0023865021,0.46044963,0.001098864,-0.00057500799,0
2019-10-04,1222,350,487461,0.0032248734,0.55470738,0.0017888611,0.00068999708,0
2019-10-05,356,224,302322,0.0019184843,0.22758621,0.00043662056,-0.0013522405,0
2019-10-06,504,270,272004,0.0028455464,0.30232558,0.00086028147,0.00042366091,0
2019-10-07,625,1099,462075,0.0037309961,-0.274942,-0.0010258075,-0.001886089,0
2019-10-08,568,715,503665,0.0025473281,-0.11457521,-0.00029186066,0.00073394684,0
2019-10-09,567,587,512282,0.0022526655,-0.017331023,-3.9040997e-05,0.00025281966,0
2019-10-10,722,514,522103,0.002367349,0.16828479,0.00039838882,0.00043742982,0
2019-10-11,508,683,496822,0.0023972368,-0.14693535,-0.00035223883,-0.00075062765,0
2019-10-12,416,319,308536,0.002382218,0.13197279,0.00031438795,0.00066662678,0
2019-10-13,300,345,276043,0.0023365925,-0.069767442,-0.00016301808,-0.00047740603,0
2019-10-14,646,739,457892,0.0030247307,-0.067148014,-0.00020310466,-4.0086582e-05,0
2019-10-15,680,707,512878,0.0027043468,-0.019466474,-5.2644099e-05,0.00015046056,0
2019-10-16,701,944,534395,0.0030782474,-0.14772036,-0.00045471982,-0.00040207572,0
2019-10-17,437,619,523905,0.0020156326,-0.17234848,-0.00034739123,0.0001073286,0
2019-10-18,578,519,500159,0.0021933025,0.053783045,0.00011796249,0.00046535371,0
2019-10-19,230,220,299066,0.0015046846,0.022222222,3.3437435e-05,-8.4525053e-05,0
2019-10-20,239,304,268642,0.0020212774,-0.11970534,-0.0002419577,-0.00027539513,0
2019-10-21,385,362,477898,0.0015630951,0.030789826,4.8127425e-05,0.00029008512,0
2019-10-22,445,379,513629,0.0016042708,0.080097087,0.00012849742,8.0369993e-05,0
2019-10-23,406,380,512089,0.0015348894,0.03307888,5.0772424e-05,-7.7724993e-05,0
2019-10-24,459,432,517482,0.001721799,0.03030303,5.2175728e-05,1.4033035e-06,0
2019-10-25,412,400,492241,0.0016495985,0.014778325,2.4378302e-05,-2.7797425e-05,0
2019-10-26,295,190,298603,0.0016242302,0.21649485,0.00035163746,0.00032725916,0
2019-10-27,216,228,274414,0.0016179933,-0.027027027,-4.3729547e-05,-0.00039536701,0
2019-10-28,532,351,457281,0.001930979,0.20498301,0.00039581789,0.00043954744,0
2019-10-29,691,459,505654,0.0022742824,0.20173913,0.00045881176,6.2993868e-05,0
2019-10-30,959,574,524098,0.0029250255,0.25114155,0.00073459544,0.00027578368,0
2019-10-31,753,454,512560,0.0023548463,0.24772162,0.00058334634,-0.0001512491,0
2019-11-01,490,323,459961,0.0017675412,0.20541205,0.00036307426,-0.00022027208,0
2019-11-02,226,256,295527,0.0016309846,-0.062240664,-0.00010151357,-0.00046458783,0
2019-11-03,171,205,273380,0.0013753749,-0.090425532,-0.00012436901,-2.2855443e-05,0
2019-11-04,350,393,463253,0.0016038752,-0.057873486,-9.2821849e-05,3.1547161e-05,0
2019-11-05,471,256,522583,0.0013911666,0.2957359,0.0004114179,0.00050423975,0
2019-11-06,396,255,549860,0.0011839377,0.21658986,0.00025642891,-0.00015498899,0
2019-11-07,438,394,545791,0.001524393,0.052884615,8.0616939e-05,-0.00017581197,0
2019-11-08,515,498,528410,0.001917072,0.016781836,3.2171988e-05,-4.8444952e-05,0
2019-11-09,343,292,316275,0.0020077464,0.080314961,0.00016125207,0.00012908009,0
2019-11-10,187,194,295334,0.0012900648,-0.018372703,-2.3701978e-05,-0.00018495405,0
2019-11-11,326,370,465415,0.0014954396,-0.063218391,-9.4539282e-05,-7.0837304e-05,0
2019-11-12,529,342,517367,0.0016835245,0.21469575,0.00036144555,0.00045598483,0
2019-11-13,398,403,511360,0.0015664111,-0.0062421973,-9.7778473e-06,-0.0003712234,0
2019-11-14,618,496,528162,0.0021092013,0.10951526,0.00023098973,0.00024076758,0
2019-11-15,806,318,480174,0.0023408181,0.4341637,0.0010162983,0.00078530852,0
2019-11-16,265,378,311125,0.0020666935,-0.17573872,-0.00036319807,-0.0013794963,0
2019-11-17,211,291,289902,0.0017316197,-0.15936255,-0.00027595532,8.7242749e-05,0
2019-11-18,722,300,482701,0.0021172527,0.41291585,0.0008742472,0.0011502025,0
2019-11-19,870,321,520439,0.0022884526,0.46095718,0.0010548787,0.00018063146,0
2019-11-20,628,393,528295,0.0019326323,0.2301665,0.00044482723,-0.00061005144,0
2019-11-21,753,369,523073,0.0021450161,0.34224599,0.00073412315,0.00028929593,0
2019-11-22,380,387,497118,0.0015428932,-0.0091264668,-1.4081164e-05,-0.00074820432,0
2019-11-23,344,232,322908,0.0017837898,0.19444444,0.00034684802,0.00036092918,0
2019-11-24,139,157,297182,0.00099602264,-0.060810811,-6.0568944e-05,-0.00040741696,0
2019-11-25,422,247,494370,0.0013532375,0.26158445,0.00035398588,0.00041455483,0
2019-11-26,525,265,524684,0.0015056682,0.32911392,0.00049553636,0.00014155048,0
2019-11-27,744,225,511361,0.0018949431,0.53560372,0.0010149386,0.0005194022,0
2019-11-28,606,224,478081,0.0017361075,0.46024096,0.00079902778,-0.00021591079,0
2019-11-29,725,193,451226,0.0020344572,0.5795207,0.0011790101,0.00037998229,0
2019-11-30,272,190,304600,0.0015167433,0.17748918,0.00026920552,-0.00090980456,0
2019-12-01,206,192,294518,0.0013513605,0.035175879,4.7535295e-05,-0.00022167022,0
2019-12-02,881,387,449521,0.0028207803,0.38958991,0.0010989475,0.0010514123,0
2019-12-03,548,469,525184,0.0019364642,0.077679449,0.00015042347,-0.00094852408,0
2019-12-04,725,439,533394,0.0021822518,0.24570447,0.00053618901,0.00038576554,0
2019-12-05,821,385,530550,0.0022731128,0.3615257,0.00082178871,0.0002855997,0
2019-12-06,1111,376,500038,0.002973774,0.49428379,0.0014698883,0.00064809958,0
2019-12-07,682,207,311145,0.0028571888,0.53430821,0.0015266194,5.6731133e-05,0
2019-12-08,936,419,284834,0.0047571568,0.38154982,0.0018150923,0.00028847288,0
2019-12-09,2728,452,478623,0.0066440601,0.71572327,0.0047553085,0.0029402162,0
2019-12-10,3664,779,522225,0.0085078271,0.64933603,0.0055244387,0.00076913024,0
2019-12-11,1467,333,519311,0.0034661311,0.63,0.0021836626,-0.0033407761,0
2019-12-12,714,344,508673,0.0020799217,0.34971645,0.00072738282,-0.0014562798,0
2019-12-13,838,225,497908,0.0021349326,0.5766698,0.0012311511,0.00050376832,0
2019-12-14,326,165,303003,0.001620446,0.32790224,0.00053134787,-0.00069980326,0
2019-12-15,374,207,268674,0.002162472,0.28743546,0.00062157112,9.0223249e-05,0
2019-12-16,896,250,469904,0.002438796,0.56369983,0.0013747489,0.00075317776,0
2019-12-17,1203,176,511633,0.0026952914,0.74474257,0.0020072982,0.00063254932,0
2019-12-18,1423,310,517254,0.0033503849,0.64223889,0.0021517475,0.0001444493,0
2019-12-19,1211,345,502820,0.0030945468,0.55655527,0.0017222863,-0.00042946119,0
2019-12-20,1181,244,486812,0.002927208,0.65754386,0.0019247677,0.00020248137,0
2019-12-21,775,175,304824,0.0031165525,0.63157895,0.0019683489,4.3581277e-05,0
2019-12-22,300,167,277064,0.0016855311,0.28479657,0.00048003349,-0.0014883155,0
2019-12-23,588,249,426760,0.0019612897,0.40501792,0.00079435748,0.00031432399,0
2019-12-24,467,298,389189,0.001965626,0.22091503,0.00043423632,-0.00036012116,0
2019-12-25,233,186,275251,0.001522247,0.11217184,0.00017075324,-0.00026348308,0
2019-12-26,445,275,348402,0.0020665783,0.23611111,0.00048794209,0.00031718885,0
2019-12-27,526,265,395063,0.0020022123,0.32996207,0.00066065412,0.00017271203,0
2019-12-28,425,261,273389,0.0025092451,0.23906706,0.00059987783,-6.0776294e-05,0
2019-12-29,1255,348,249511,0.0064245665,0.5658141,0.0036351103,0.0030352324,0
2019-12-30,848,355,383261,0.0031388532,0.40980881,0.0012863297,-0.0023487806,0
2019-12-31,994,382,361032,0.0038112965,0.44476744,0.0016951406,0.00040881092,0
2020-01-01,297,307,262970,0.0022968399,-0.016556291,-3.8027151e-05,-0.0017331677,0
2020-01-02,221,233,389269,0.0011662886,-0.026431718,-3.0827012e-05,7.2001397e-06,0
2020-01-03,251,489,415807,0.0017796718,-0.32162162,-0.00057238094,-0.00054155392,0
2020-01-04,167,359,289977,0.001813937,-0.36501901,-0.00066212148,-8.9740542e-05,0
2020-01-05,112,289,271749,0.0014756264,-0.44139651,-0.00065133634,1.0785135e-05,0
2020-01-06,187,412,431339,0.0013886989,-0.37562604,-0.00052163148,0.00012970487,0
2020-01-07,171,493,474951,0.001398039,-0.48493976,-0.00067796467,-0.0001563332,0
2020-01-08,292,932,492966,0.0024829299,-0.52287582,-0.001298264,-0.0006202993,0
2020-01-09,451,701,504706,0.002282517,-0.21701389,-0.00049533788,0.0008029261,0
2020-01-10,405,1327,484072,0.0035779801,-0.53233256,-0.0019046753,-0.0014093375,0
2020-01-11,613,917,311598,0.0049101727,-0.19869281,-0.00097561602,0.00092905932,0
2020-01-12,453,362,263262,0.0030957753,0.11165644,0.00034566326,0.0013212793,0
2020-01-13,439,419,456148,0.0018809685,0.023310023,4.3845419e-05,-0.00030181784,0
2020-01-14,412,470,488114,0.0018069549,-0.065759637,-0.0001188247,-0.00016267012,0
2020-01-15,312,386,496143,0.0014068525,-0.10601719,-0.00014915055,-3.0325847e-05,0
2020-01-16,289,391,501155,0.0013568656,-0.15,-0.00020352985,-5.4379299e-05,0
2020-01-17,380,395,471810,0.0016426104,-0.019354839,-3.1792459e-05,0.00017173739,0
2020-01-18,153,267,292937,0.0014337554,-0.27142857,-0.00038916217,-0.00035736972,0
2020-01-19,333,225,271248,0.002057158,0.19354839,0.00039815962,0.00078732179,0
2020-01-20,417,346,434444,0.0017562678,0.093053735,0.00016342728,-0.00023473234,0
2020-01-21,320,216,480181,0.0011162457,0.19402985,0.000216585,5.3157719e-05,0
2020-01-22,319,263,497108,0.0011707717,0.096219931,0.00011265158,-0.00010393342,0
2020-01-23,361,358,483015,0.0014885666,0.0041724618,6.2109872e-06,-0.00010644059,0
2020-01-24,350,308,443329,0.001484225,0.063829787,9.4737768e-05,8.8526781e-05,0
2020-01-25,349,286,292319,0.0021722844,0.099212598,0.00021551798,0.00012078021,0
2020-01-26,151,264,261248,0.0015885289,-0.27228916,-0.0004325392,-0.00064805718,0
2020-01-27,204,324,430001,0.0012279041,-0.22727273,-0.00027906912,0.00015347008,0
2020-01-28,244,357,455152,0.001320438,-0.18801997,-0.00024826871,3.0800408e-05,0
2020-01-29,304,253,456667,0.0012197071,0.091561939,0.00011167875,0.00035994746,0
2020-01-30,228,243,481598,0.00097799409,-0.031847134,-3.1146309e-05,-0.00014282506,0
2020-01-31,287,216,459885,0.0010937517,0.14115308,0.00015438642,0.00018553273,0
2020-02-01,558,165,289147,0.0025004582,0.54356846,0.0013591702,0.0012047838,0
2020-02-02,179,164,273834,0.0012525837,0.043731778,5.4777712e-05,-0.0013043925,0
2020-02-03,545,499,447476,0.002333086,0.044061303,0.00010279881,4.8021097e-05,0
2020-02-04,394,538,499684,0.0018651788,-0.15450644,-0.00028818213,-0.00039098094,0
2020-02-05,267,306,511196,0.0011209008,-0.068062827,-7.6291677e-05,0.00021189045,0
2020-02-06,253,350,491612,0.0012265771,-0.16086235,-0.00019731007,-0.0001210184,0
2020-02-07,273,186,474142,0.00096806442,0.18954248,0.00018348933,0.00038079941,0
2020-02-08,154,184,298624,0.0011318581,-0.088757396,-0.00010046078,-0.00028395011,0
2020-02-09,146,168,271405,0.0011569426,-0.070063694,-8.1059671e-05,1.9401109e-05,0
2020-02-10,229,264,465754,0.0010584987,-0.070993915,-7.5146966e-05,5.912705e-06,0
2020-02-11,416,282,495183,0.0014095799,0.19197708,0.00027060703,0.00034575399,0
2020-02-12,575,333,511160,0.0017763518,0.26651982,0.00047343298,0.00020282595,0
2020-02-13,324,305,507117,0.0012403449,0.030206677,3.7466699e-05,-0.00043596628,0
2020-02-14,501,320,472746,0.001736662,0.22046285,0.00038286945,0.00034540275,0
2020-02-15,310,257,295457,0.001919061,0.093474427,0.00017938313,-0.00020348632,0
2020-02-16,167,163,261090,0.001263932,0.012121212,1.5320388e-05,-0.00016406274,0
2020-02-17,239,222,417604,0.0011039166,0.036876356,4.0708422e-05,2.5388035e-05,0
2020-02-18,558,1184,470059,0.0037059178,-0.35935706,-0.0013317477,-0.0013724561,0
2020-02-19,469,689,497697,0.0023267169,-0.18998273,-0.00044203602,0.0008897117,0
2020-02-20,276,379,502783,0.0013027489,-0.15725191,-0.00020485975,0.00023717627,0
2020-02-21,288,285,473278,0.0012107049,0.0052356021,6.3387692e-06,0.00021119852,0
2020-02-22,192,206,295604,0.0013463959,-0.035175879,-4.7360658e-05,-5.3699427e-05,0
2020-02-23,82,235,268100,0.0011823946,-0.48264984,-0.00057068258,-0.00052332192,0
2020-02-24,136,213,441285,0.00079087211,-0.22063037,-0.00017449041,0.00039619217,0
2020-02-25,182,215,490807,0.00080887192,-0.083123426,-6.7236205e-05,0.0001072542,0
2020-02-26,295,292,501963,0.0011694089,0.0051107325,5.9765361e-06,7.3212741e-05,0
2020-02-27,266,307,503140,0.001138848,-0.071553229,-8.1488254e-05,-8.746479e-05,0
2020-02-28,226,389,474977,0.0012947995,-0.26504065,-0.00034317451,-0.00026168626,0
2020-02-29,159,243,298676,0.0013459401,-0.20895522,-0.00028124121,6.19333e-05,0
2020-03-01,179,228,270517,0.0015045265,-0.12039312,-0.00018113464,0.00010010657,0
2020-03-02,191,374,458450,0.0012324136,-0.32389381,-0.00039917112,-0.00021803648,0
2020-03-03,165,233,495271,0.00080360045,-0.17085427,-0.00013729857,0.00026187255,0
2020-03-04,290,226,511285,0.0010092219,0.12403101,0.0001251748,0.00026247337,0
2020-03-05,353,247,506407,0.0011848177,0.17666667,0.0002093178,8.4142997e-05,0
2020-03-06,357,244,478147,0.0012569356,0.18801997,0.000236329,2.7011193e-05,0
2020-03-07,230,157,300639,0.0012872581,0.18863049,0.00024281613,6.4871399e-06,0
2020-03-08,208,288,276178,0.0017959432,-0.16129032,-0.00028966826,-0.00053248439,0
2020-03-09,243,194,452224,0.00096633527,0.11212815,0.00010835338,0.00039802164,0
2020-03-10,269,293,491836,0.0011426573,-0.042704626,-4.8796753e-05,-0.00015715014,0
2020-03-11,230,188,512593,0.00081546178,0.10047847,8.1936351e-05,0.0001307331,0
2020-03-12,226,192,538498,0.00077623315,0.081339713,6.3138582e-05,-1.8797769e-05,0
2020-03-13,387,153,502203,0.0010752624,0.43333333,0.00046594704,0.00040280846,0
2020-03-14,185,158,314890,0.0010892693,0.078717201,8.5744228e-05,-0.00038020281,0
2020-03-15,133,151,303076,0.00093705869,-0.063380282,-5.9391044e-05,-0.00014513527,0
2020-03-16,208,148,494418,0.00072003851,0.16853933,0.00012135481,0.00018074585,0
2020-03-17,156,157,528913,0.00059177974,-0.0031948882,-1.8906701e-06,-0.00012324548,0
2020-03-18,170,100,542500,0.00049769585,0.25925926,0.00012903226,0.00013092293,0
2020-03-19,154,94,535707,0.00046293963,0.24193548,0.00011200152,-1.7030735e-05,0
2020-03-20,146,116,518601,0.00050520535,0.11450382,5.7847941e-05,-5.4153582e-05,0
2020-03-21,56,86,329009,0.00043159914,-0.21126761,-9.1182916e-05,-0.00014903086,0
2020-03-22,45,134,302307,0.00059211332,-0.4972067,-0.00029440271,-0.00020321979,0
2020-03-23,134,99,496911,0.00046889684,0.15021459,7.0435148e-05,0.00036483786,0
2020-03-24,233,105,528786,0.00063919998,0.37869822,0.0002420639,0.00017162875,0
2020-03-25,127,114,527870,0.0004565518,0.053941909,2.4627276e-05,-0.00021743662,0
2020-03-26,115,93,533637,0.00038977807,0.10576923,4.1226527e-05,1.6599251e-05,0
2020-03-27,178,88,511780,0.00051975458,0.33834586,0.00017585681,0.00013463029,0
2020-03-28,77,101,318590,0.00055871182,-0.13483146,-7.5331931e-05,-0.00025118874,0
2020-03-29,84,88,294367,0.00058430463,-0.023255814,-1.358848e-05,6.1743452e-05,0
2020-03-30,145,114,494278,0.00052399662,0.11969112,6.2717742e-05,7.6306222e-05,0
2020-03-31,143,87,536528,0.00042868219,0.24347826,0.00010437479,4.1657053e-05,0
2020-04-01,104,153,526181,0.00048842509,-0.19066148,-9.3123849e-05,-0.00019749864,0
2020-04-02,199,132,526650,0.0006285009,0.20241692,0.00012721922,0.00022034306,0
2020-04-03,263,184,489506,0.00091316552,0.17673378,0.00016138719,3.4167979e-05,0
2020-04-04,70,91,314741,0.0005115317,-0.13043478,-6.6721527e-05,-0.00022810872,0
2020-04-05,47,88,278845,0.00048413993,-0.3037037,-0.00014703509,-8.0313565e-05,0
2020-04-06,145,124,466453,0.00057669261,0.078066914,4.5020613e-05,0.0001920557,0
2020-04-07,131,118,502840,0.00049518734,0.052208835,2.5853154e-05,-1.9167459e-05,0
2020-04-08,153,170,505760,0.00063864283,-0.052631579,-3.3612781e-05,-5.9465935e-05,0
2020-04-09,167,127,491531,0.00059813115,0.13605442,8.1378387e-05,0.00011499117,0
2020-04-10,163,140,429373,0.00070568014,0.075907591,5.3566479e-05,-2.7811908e-05,0
2020-04-11,68,162,296128,0.00077669116,-0.40869565,-0.0003174303,-0.00037099678,0
2020-04-12,73,98,265057,0.00064514425,-0.14619883,-9.4319335e-05,0.00022311097,0
2020-04-13,87,120,406443,0.00050929651,-0.15942029,-8.1192197e-05,1.3127138e-05,0
2020-04-14,105,132,489924,0.0004837485,-0.11392405,-5.5110589e-05,2.6081608e-05,0
2020-04-15,119,128,501959,0.00049207206,-0.036437247,-1.7929751e-05,3.7180837e-05,0
2020-04-16,260,164,509304,0.00083250868,0.22641509,0.00018849253,0.00020642228,0
2020-04-17,147,149,480693,0.00061577764,-0.0067567568,-4.1606597e-06,-0.00019265319,0
2020-04-18,81,148,304292,0.00075256661,-0.29257642,-0.00022018325,-0.00021602259,0
2020-04-19,65,85,275929,0.0005436181,-0.13333333,-7.2482414e-05,0.00014770083,0
2020-04-20,66,80,449779,0.00032460386,-0.095890411,-3.1126398e-05,4.1356016e-05,0
2020-04-21,150,153,493907,0.00061347582,-0.0099009901,-6.074018e-06,2.505238e-05,0
2020-04-22,186,178,508327,0.0007160745,0.021978022,1.5737901e-05,2.1811919e-05,0
2020-04-23,182,112,511941,0.00057428493,0.23809524,0.00013673451,0.00012099661,0
2020-04-24,182,120,485132,0.00062251099,0.20529801,0.00012780027,-8.9342377e-06,0
2020-04-25,113,121,302795,0.00077280008,-0.034188034,-2.6420516e-05,-0.00015422078,0
2020-04-26,68,84,280277,0.00054232063,-0.10526316,-5.7086382e-05,-3.0665867e-05,0
2020-04-27,114,110,458976,0.00048804295,0.017857143,8.7150526e-06,6.5801435e-05,0
2020-04-28,193,169,498612,0.00072601542,0.066298343,4.8133619e-05,3.9418566e-05,0
2020-04-29,150,145,501705,0.00058799494,0.016949153,9.9660159e-06,-3.8167603e-05,0
2020-04-30,376,129,505330,0.00099934696,0.48910891,0.0004887895,0.00047882349,0
2020-05-01,147,176,400582,0.00080632679,-0.089783282,-7.2394666e-05,-0.00056118417,0
2020-05-02,95,141,290042,0.00081367526,-0.19491525,-0.00015859772,-8.6203055e-05,0
2020-05-03,71,101,268470,0.00064066749,-0.1744186,-0.00011174433,4.6853391e-05,0
2020-05-04,144,113,433281,0.00059314856,0.12062257,7.1547102e-05,0.00018329143,0
2020-05-05,167,133,478705,0.00062669076,0.11333333,7.1024953e-05,-5.2214949e-07,0
2020-05-06,196,137,497321,0.00066958765,0.17717718,0.00011863565,4.7610697e-05,0
2020-05-07,230,258,497932,0.0009800535,-0.057377049,-5.6232578e-05,-0.00017486823,0
2020-05-08,169,258,477019,0.00089514254,-0.20843091,-0.00018657538,-0.0001303428,0
2020-05-09,98,197,310997,0.0009485622,-0.33559322,-0.00031833104,-0.00013175567,0
2020-05-10,89,143,270463,0.00085778831,-0.23275862,-0.00019965762,0.00011867342,0
2020-05-11,109,182,441496,0.00065912262,-0.25085911,-0.00016534691,3.4310713e-05,0
2020-05-12,126,148,490850,0.00055821534,-0.080291971,-4.482021e-05,0.0001205267,0
2020-05-13,156,124,497828,0.00056244325,0.11428571,6.4279229e-05,0.00010909944,0
2020-05-14,259,190,494390,0.00090818989,0.15367483,0.00013956593,7.5286701e-05,0
2020-05-15,247,170,461984,0.00090262866,0.18465228,0.00016667244,2.7106509e-05,0
2020-05-16,148,111,300044,0.00086320673,0.14285714,0.00012331525,-4.3357192e-05,0
2020-05-17,133,98,265906,0.00086872805,0.15151515,0.00013162546,8.3102145e-06,0
2020-05-18,159,165,435546,0.00074389387,-0.018518519,-1.3775812e-05,-0.00014540127,0
2020-05-19,194,149,487475,0.00070362583,0.13119534,9.2312426e-05,0.00010608824,0
2020-05-20,392,266,497600,0.0013223473,0.19148936,0.00025321543,0.00016090301,0
2020-05-21,333,227,461285,0.001214,0.18928571,0.00022979286,-2.3422573e-05,0
2020-05-22,189,209,444681,0.00089502362,-0.050251256,-4.4976061e-05,-0.00027476892,0
2020-05-23,107,116,282782,0.00078859333,-0.040358744,-3.1826637e-05,1.3149425e-05,0
2020-05-24,82,115,251831,0.00078227065,-0.16751269,-0.00013104026,-9.9213624e-05,0
2020-05-25,122,131,373645,0.0006771133,-0.035573123,-2.4087034e-05,0.00010695323,0
2020-05-26,161,188,449894,0.00077573829,-0.077363897,-6.0014137e-05,-3.5927102e-05,0
2020-05-27,168,330,486726,0.0010231629,-0.3253012,-0.00033283613,-0.000272822,0
2020-05-28,229,224,501271,0.00090370279,0.011037528,9.9746445e-06,0.00034281078,0
2020-05-29,175,199,474432,0.00078831108,-0.064171123,-5.0586807e-05,-6.0561451e-05,0
2020-05-30,63,92,299101,0.0005182196,-0.18709677,-9.6957215e-05,-4.6370408e-05,0
2020-05-31,75,206,270905,0.001037264,-0.46619217,-0.00048356435,-0.00038660713,0
2020-06-01,141,348,433839,0.0011271462,-0.42331288,-0.00047713553,6.4288219e-06,0
2020-06-02,288,292,471823,0.0012292745,-0.0068965517,-8.4777554e-06,0.00046865777,0
2020-06-03,226,172,486796,0.00081759094,0.13567839,0.00011092942,0.00011940718,0
2020-06-04,195,170,479129,0.00076179901,0.068493151,5.2178015e-05,-5.875141e-05,0
2020-06-05,167,206,464145,0.00080362818,-0.10455764,-8.4025466e-05,-0.00013620348,0
2020-06-06,90,114,291667,0.00069942777,-0.11764706,-8.228562e-05,1.7398459e-06,0
2020-06-07,104,79,264279,0.00069245002,0.13661202,9.4596998e-05,0.00017688262,0
2020-06-08,108,124,436728,0.0005312231,-0.068965517,-3.6636076e-05,-0.00013123307,0
2020-06-09,302,244,479708,0.0011381924,0.10622711,0.00012090689,0.00015754296,0
2020-06-10,199,210,486910,0.00083999096,-0.026894866,-2.2591444e-05,-0.00014349833,0
2020-06-11,183,160,468401,0.00073227854,0.067055394,4.9103226e-05,7.169467e-05,0
2020-06-12,181,175,452304,0.00078708126,0.016853933,1.3265414e-05,-3.5837811e-05,0
2020-06-13,70,116,289242,0.00064306014,-0.24731183,-0.00015903638,-0.00017230179,0
2020-06-14,99,157,266262,0.00096145901,-0.2265625,-0.00021783056,-5.879418e-05,0
2020-06-15,197,167,449543,0.0008097112,0.082417582,6.6734439e-05,0.000284565,0
2020-06-16,173,144,487519,0.00065023107,0.09148265,5.9484861e-05,-7.2495781e-06,0
2020-06-17,263,166,495416,0.00086593893,0.22610723,0.00019579505,0.00013631019,0
2020-06-18,381,254,487914,0.0013014589,0.2,0.00026029177,6.4496724e-05,0
2020-06-19,347,268,463897,0.0013257253,0.12845528,0.00017029642,-8.9995349e-05,0
2020-06-20,165,178,297573,0.0011526583,-0.037900875,-4.3686759e-05,-0.00021398318,0
2020-06-21,89,119,263932,0.00078808178,-0.14423077,-0.00011366564,-6.9978882e-05,0
2020-06-22,415,314,441632,0.0016506956,0.13854595,0.0002286972,0.00034236284,0
2020-06-23,161,264,482729,0.00088041116,-0.24235294,-0.00021337023,-0.00044206743,0
2020-06-24,140,207,479839,0.00072315923,-0.19308357,-0.00013963017,7.3740067e-05,0
2020-06-25,154,225,469812,0.00080670566,-0.18733509,-0.00015112428,-1.1494112e-05,0
2020-06-26,165,174,438483,0.00077312005,-0.026548673,-2.0525311e-05,0.00013059897,0
2020-06-27,141,137,282680,0.00098344418,0.014388489,1.4150276e-05,3.4675587e-05,0
2020-06-28,122,153,273022,0.0010072448,-0.11272727,-0.00011354396,-0.00012769424,0
2020-06-29,209,216,435214,0.00097653109,-0.016470588,-1.6084041e-05,9.7459922e-05,0
2020-06-30,239,267,484577,0.0010442097,-0.055335968,-5.7782355e-05,-4.1698313e-05,0
2020-07-01,221,288,483273,0.0010532349,-0.13163065,-0.000138638,-8.0855641e-05,0
2020-07-02,139,290,461931,0.00092871013,-0.35198135,-0.00032688865,-0.00018825065,0
2020-07-03,154,242,422390,0.0009375222,-0.22222222,-0.00020833827,0.00011855038,0
2020-07-04,225,152,274545,0.0013731811,0.19363395,0.00026589448,0.00047423275,0
2020-07-05,90,191,256706,0.0010946374,-0.3594306,-0.0003934462,-0.00065934068,0
2020-07-06,198,319,424766,0.0012171407,-0.23404255,-0.00028486272,0.00010858347,0
2020-07-07,153,253,471886,0.00086037729,-0.24630542,-0.00021191559,7.2947135e-05,0
2020-07-08,178,233,481871,0.00085292537,-0.13381995,-0.00011413843,9.7777159e-05,0
2020-07-09,290,263,476175,0.0011613377,0.048824593,5.6701843e-05,0.00017084027,0
2020-07-10,306,364,445608,0.0015035637,-0.086567164,-0.00013015924,-0.00018686109,0
2020-07-11,105,137,280746,0.00086198913,-0.1322314,-0.00011398203,1.617721e-05,0
2020-07-12,121,150,258307,0.0010491392,-0.10701107,-0.00011226951,1.7125248e-06,0
2020-07-13,221,184,431002,0.00093967081,0.091358025,8.5846469e-05,0.00019811598,0
2020-07-14,212,214,465925,0.00091431024,-0.0046948357,-4.2925364e-06,-9.0139006e-05,0
2020-07-15,203,231,483461,0.00089769392,-0.064516129,-5.7915737e-05,-5.36232e-05,0
2020-07-16,173,245,473482,0.00088282131,-0.1722488,-0.00015206491,-9.4149178e-05,0
2020-07-17,190,286,442260,0.00107629,-0.20168067,-0.00021706688,-6.5001969e-05,0
2020-07-18,172,135,281635,0.0010900634,0.12052117,0.00013137572,0.0003484426,0
2020-07-19,75,126,254798,0.0007888602,-0.25373134,-0.00020015856,-0.00033153427,0
2020-07-20,146,219,426520,0.00085576292,-0.2,-0.00017115258,2.9005973e-05,0
2020-07-21,768,238,458273,0.0021951981,0.52683897,0.0011565159,0.0013276685,0
2020-07-22,317,196,468056,0.0010960227,0.23586745,0.00025851607,-0.0008979998,0
2020-07-23,399,247,458666,0.0014084323,0.23529412,0.00033139583,7.2879756e-05,0
2020-07-24,275,251,433123,0.0012144356,0.045627376,5.5411511e-05,-0.00027598432,0
2020-07-25,102,124,273661,0.00082583927,-0.097345133,-8.0391433e-05,-0.00013580294,0
2020-07-26,527,238,254449,0.0030064964,0.37777778,0.0011357875,0.001216179,0
2020-07-27,1089,496,421989,0.0037560221,0.37413249,0.0014052499,0.00026946237,0
2020-07-28,602,335,454275,0.0020626273,0.28495197,0.00058774971,-0.00081750019,0
2020-07-29,375,270,456878,0.0014117554,0.1627907,0.00022982065,-0.00035792906,0
2020-07-30,404,217,461352,0.0013460438,0.30112721,0.00040533042,0.00017550977,0
2020-07-31,562,346,427294,0.0021250006,0.23788546,0.00050550675,0.00010017633,0
2020-08-01,196,169,273130,0.00133636,0.073972603,9.8854026e-05,-0.00040665272,0
2020-08-02,185,156,245217,0.0013906051,0.085043988,0.0001182626,1.9408575e-05,0
2020-08-03,239,140,405490,0.00093467163,0.26121372,0.00024414905,0.00012588645,0
2020-08-04,206,181,441535,0.00087648771,0.064599483,5.6620653e-05,-0.0001875284,0
2020-08-05,233,206,446742,0.00098267009,0.061503417,6.0437568e-05,3.816915e-06,0
2020-08-06,347,264,454036,0.0013457083,0.13584288,0.00018280489,0.00012236732,0
2020-08-07,278,197,433829,0.0010949014,0.17052632,0.00018670951,3.9046223e-06,0
2020-08-08,183,143,275032,0.0011853166,0.12269939,0.00014543762,-4.1271888e-05,0
2020-08-09,61,103,253836,0.00064608645,-0.25609756,-0.00016546116,-0.00031089879,0
2020-08-10,258,200,415995,0.0011009748,0.12663755,0.00013942475,0.00030488592,0
2020-08-11,206,242,446609,0.0010031146,-0.080357143,-8.0607422e-05,-0.00022003217,0
2020-08-12,175,211,447774,0.00086204201,-0.093264249,-8.0397701e-05,2.0972108e-07,0
2020-08-13,247,124,452575,0.00081975363,0.33153639,0.00027177816,0.00035217586,0
2020-08-14,140,167,420848,0.00072947953,-0.087947883,-6.415618e-05,-0.00033593434,0
2020-08-15,141,173,268982,0.0011673644,-0.10191083,-0.00011896707,-5.4810889e-05,0
2020-08-16,100,203,251144,0.0012064792,-0.33993399,-0.00041012328,-0.00029115621,0
2020-08-17,214,344,410906,0.0013579748,-0.23297491,-0.00031637406,9.3749215e-05,0
2020-08-18,251,257,450250,0.0011282621,-0.011811024,-1.332593e-05,0.00030304813,0
2020-08-19,306,245,451905,0.0012192828,0.1107078,0.00013498412,0.00014831005,0
2020-08-20,323,210,454529,0.0011726424,0.2120075,0.000248609,0.00011362488,0
2020-08-21,218,198,427804,0.00097240793,0.048076923,4.6750381e-05,-0.00020185862,0
2020-08-22,265,245,273253,0.0018664022,0.039215686,7.3192243e-05,2.6441862e-05,0
2020-08-23,147,154,253893,0.0011855388,-0.023255814,-2.757067e-05,-0.00010076291,0
2020-08-24,325,162,415026,0.0011734205,0.33470226,0.00039274648,0.00042031715,0
2020-08-25,354,232,455853,0.0012855021,0.20819113,0.00026763014,-0.00012511634,0
2020-08-26,410,219,460525,0.0013658325,0.3036566,0.00041474404,0.00014711391,0
2020-08-27,217,195,457788,0.0008999799,0.053398058,4.8057179e-05,-0.00036668686,0
2020-08-28,267,229,431340,0.0011499049,0.076612903,8.8097556e-05,4.0040377e-05,0
2020-08-29,107,133,274180,0.00087533737,-0.10833333,-9.4828215e-05,-0.00018292577,0
2020-08-30,106,172,243328,0.0011424908,-0.23741007,-0.00027123882,-0.00017641061,0
2020-08-31,158,168,419437,0.00077723234,-0.030674847,-2.3841483e-05,0.00024739734,0
2020-09-01,173,133,455789,0.00067136328,0.13071895,8.7759906e-05,0.00011160139,0
2020-09-02,218,204,461034,0.00091533379,0.033175355,3.0366524e-05,-5.7393383e-05,0
2020-09-03,253,188,459474,0.00095979315,0.14739229,0.00014146611,0.00011109959,0
2020-09-04,163,143,436602,0.00070086715,0.065359477,4.5808311e-05,-9.5657801e-05,0
2020-09-05,267,164,275673,0.0015634465,0.23897912,0.00037363108,0.00032782277,0
2020-09-06,302,251,254272,0.0021748364,0.092224231,0.00020057262,-0.00017305846,0
2020-09-07,423,336,382487,0.0019843812,0.11462451,0.00022745871,2.6886096e-05,0
2020-09-08,399,252,438052,0.0014861249,0.22580645,0.0003355766,0.00010811789,0
2020-09-09,384,269,462015,0.001413374,0.17611026,0.00024890967,-8.6666931e-05,0
2020-09-10,383,221,455784,0.0013251891,0.26821192,0.00035543152,0.00010652185,0
2020-09-11,402,215,424760,0.001452585,0.30307942,0.00044024861,8.4817091e-05,0
2020-09-12,198,112,276843,0.0011197682,0.27741935,0.00031064538,-0.00012960323,0
2020-09-13,93,128,251070,0.0008802326,-0.15837104,-0.00013940335,-0.00045004874,0
2020-09-14,260,100,423935,0.00084918679,0.44444444,0.00037741635,0.0005168197,0
2020-09-15,343,177,457180,0.0011374076,0.31923077,0.0003630955,-1.4320851e-05,0
2020-09-16,248,171,456138,0.00091858166,0.18377088,0.00016880856,-0.00019428694,0
2020-09-17,265,174,459629,0.00095511815,0.20728929,0.00019798577,2.9177204e-05,0
2020-09-18,295,184,430145,0.001113578,0.23173278,0.00025805252,6.006675e-05,0
2020-09-19,155,73,275172,0.00082857267,0.35964912,0.00029799544,3.9942918e-05,0
2020-09-20,132,117,245868,0.0010127385,0.060240964,6.1008346e-05,-0.00023698709,0
2020-09-21,268,145,427896,0.0009651878,0.29782082,0.00028745303,0.00022644468,0
2020-09-22,280,201,464430,0.0010356781,0.16424116,0.00017010098,-0.00011735204,0
2020-09-23,362,168,481093,0.0011016581,0.36603774,0.00040324844,0.00023314745,0
2020-09-24,259,233,421483,0.0011673069,0.052845528,6.1686948e-05,-0.00034156149,0
2020-09-25,133,130,368896,0.00071293806,0.011406844,8.1323734e-06,-5.3554575e-05,0
2020-09-26,85,61,211944,0.00068886121,0.16438356,0.00011323746,0.00010510509,0
2020-09-27,165,275,224211,0.0019624372,-0.25,-0.00049060929,-0.00060384675,0
2020-09-28,162,275,352269,0.0012405293,-0.25858124,-0.00032077759,0.0001698317,0
2020-09-29,335,351,382841,0.0017918666,-0.023323615,-4.1792807e-05,0.00027898478,0
2020-09-30,331,318,391497,0.0016577394,0.020030817,3.3205874e-05,7.4998681e-05,0
2020-10-01,348,322,409202,0.0016373332,0.03880597,6.3538301e-05,3.0332428e-05,0
2020-10-02,227,228,364205,0.0012492964,-0.0021978022,-2.7457064e-06,-6.6284008e-05,0
2020-10-03,138,166,189612,0.0016032741,-0.092105263,-0.00014766998,-0.00014492427,0
2020-10-04,114,178,193400,0.0015098242,-0.21917808,-0.00033092037,-0.00018325039,0
2020-10-05,178,165,306294,0.0011198391,0.037900875,4.2442882e-05,0.00037336325,0
2020-10-06,286,187,342434,0.0013812881,0.20930233,0.00028910681,0.00024666392,0
2020-10-07,242,158,338152,0.0011829,0.21,0.000248409,-4.0697806e-05,0
2020-10-08,203,198,355434,0.0011281982,0.012468828,1.4067309e-05,-0.00023434169,0
2020-10-09,68,58,139836,0.00090105552,0.079365079,7.1512343e-05,5.7445034e-05,0
2020-10-10,210,133,279311,0.0012280218,0.2244898,0.00027567837,0.00020416602,0
2020-10-11,146,121,227376,0.0011742664,0.093632959,0.00010995004,-0.00016572833,0
2020-10-12,265,194,291710,0.0015734805,0.1546841,0.00024339241,0.00013344237,0
2020-10-13,156,117,318111,0.00085819101,0.14285714,0.00012259872,-0.00012079369,0
2020-10-14,223,176,295346,0.0013509579,0.11779449,0.00015913539,3.6536671e-05,0
2020-10-15,162,103,268774,0.00098595846,0.22264151,0.00021951528,6.0379894e-05,0
2020-10-16,108,54,120244,0.0013472606,0.33333333,0.00044908686,0.00022957158,0
2020-10-17,183,138,199788,0.0016067031,0.14018692,0.00022523875,-0.0002238481,0
2020-10-18,131,103,190519,0.001228224,0.11965812,0.00014696697,-7.8271784e-05,0
2020-10-19,57,33,111249,0.00080899604,0.26666667,0.00021573228,6.8765307e-05,1
2020-10-20,,,,,,,,
2020-10-21,183,88,252439,0.0010735267,0.35055351,0.00037632854,,0
2020-10-22,135,96,218535,0.0010570389,0.16883117,0.00017846112,-0.00019786742,0
2020-10-23,66,56,95334,0.0012797113,0.081967213,0.00010489437,-7.3566745e-05,0
2020-10-24,82,60,93479,0.0015190578,0.15492958,0.00023534698,0.0001304526,0
2020-10-25,91,64,141061,0.0010988154,0.17419355,0.00019140655,-4.3940422e-05,0
2020-10-26,123,114,228806,0.001035812,0.037974684,3.9334633e-05,-0.00015207192,0
2020-10-27,99,69,223872,0.00075042882,0.17857143,0.00013400515,9.4670513e-05,0
2020-10-28,131,86,245728,0.00088309025,0.20737327,0.00018312931,4.9124168e-05,0
2020-10-29,100,73,190672,0.00090731728,0.15606936,0.00014160443,-4.1524883e-05,0
2020-10-30,78,84,115063,0.0014079244,-0.037037037,-5.2145346e-05,-0.00019374978,0
2020-10-31,35,60,69573,0.0013654722,-0.26315789,-0.0003593348,-0.00030718945,1
2020-11-01,29,32,104263,0.00058505894,-0.049180328,-2.877339e-05,0.00033056141,1
2020-11-02,102,113,195941,0.0010972691,-0.051162791,-5.6139348e-05,-2.7365958e-05,0
2020-11-03,101,89,169311,0.0011221953,0.063157895,7.0875489e-05,0.00012701484,0
2020-11-04,81,81,205079,0.00078993949,0,0,-7.0875489e-05,0
2020-11-05,85,92,150371,0.0011770887,-0.039548023,-4.6551529e-05,-4.6551529e-05,0
2020-11-06,41,36,73645,0.0010455564,0.064935065,6.7893272e-05,0.0001144448,1
2020-11-07,16,17,40463,0.00081555989,-0.03030303,-2.4713936e-05,-9.2607208e-05,1
2020-11-08,49,82,70970,0.0018458504,-0.2519084,-0.00046498521,-0.00044027127,0
2020-11-09,201,113,189990,0.0016527186,0.28025478,0.00046318227,0.00092816748,0
2020-11-10,130,71,128611,0.0015628523,0.29353234,0.0004587477,-4.4345762e-06,0
2020-11-11,109,75,151080,0.0012178978,0.18478261,0.00022504633,-0.00023370136,0
2020-11-12,92,61,126882,0.0012058448,0.20261438,0.0002443215,1.9275162e-05,0
2020-11-13,25,16,34096,0.0012024871,0.2195122,0.00026396058,1.9639086e-05,1
2020-11-14,9,5,10407,0.0013452484,0.28571429,0.00038435668,0.0001203961,1
2020-11-15,31,36,41258,0.0016239275,-0.074626866,-0.00012118862,-0.0005055453,1
2020-11-16,108,71,165302,0.0010828665,0.20670391,0.00022383274,0.00034502136,0
2020-11-17,56,46,148073,0.00068884942,0.098039216,6.7534257e-05,-0.00015629849,0
2020-11-18,251,127,447979,0.00084378955,0.32804233,0.00027679869,0.00020926443,0
2020-11-19,222,148,463572,0.00079815002,0.2,0.00015963,-0.00011716869,0
2020-11-20,176,139,442626,0.00071166176,0.11746032,8.3592017e-05,-7.6037987e-05,0
2020-11-21,157,160,278317,0.001138989,-0.0094637224,-1.0779076e-05,-9.4371092e-05,0
2020-11-22,110,90,246932,0.00080993958,0.1,8.0993958e-05,9.1773034e-05,0
2020-11-23,274,133,411141,0.00098992803,0.34643735,0.00034294804,0.00026195408,0
2020-11-24,241,183,448919,0.0009444911,0.13679245,0.00012919925,-0.00021374879,0
2020-11-25,241,167,447213,0.00091231695,0.18137255,0.00016546925,3.6269996e-05,0
2020-11-26,195,120,406221,0.00077543997,0.23809524,0.00018462856,1.9159314e-05,0
2020-11-27,149,172,385161,0.00083341771,-0.07165109,-5.9715288e-05,-0.00024434385,0
2020-11-28,76,116,260516,0.00073699888,-0.20833333,-0.00015354143,-9.3826145e-05,0
2020-11-29,124,102,245823,0.00091936068,0.097345133,8.9495287e-05,0.00024303672,0
2020-11-30,185,213,404039,0.00098505342,-0.070351759,-6.9300241e-05,-0.00015879553,0
2020-12-01,182,229,445234,0.00092311009,-0.11435523,-0.00010556247,-3.6262227e-05,0
2020-12-02,262,208,451967,0.0010398989,0.11489362,0.00011947775,0.00022504022,0
2020-12-03,233,159,449534,0.00087201413,0.18877551,0.00016461491,4.5137163e-05,0
2020-12-04,244,200,423831,0.0010475874,0.099099099,0.00010381496,-6.0799948e-05,0
2020-12-05,110,108,269516,0.00080885736,0.0091743119,7.4207097e-06,-9.6394254e-05,0
2020-12-06,205,103,244888,0.0012577178,0.33116883,0.00041651694,0.00040909623,0
2020-12-07,264,127,399530,0.00097864991,0.35038363,0.00034290291,-7.3614027e-05,0
2020-12-08,198,124,434832,0.00074051588,0.22981366,0.00017018067,-0.00017272224,0
2020-12-09,381,445,453379,0.0018218753,-0.07748184,-0.00014116225,-0.00031134292,0
2020-12-10,249,143,451106,0.00086897536,0.27040816,0.00023497803,0.00037614028,0
2020-12-11,249,145,432311,0.00091138093,0.26395939,0.00024056755,5.5895226e-06,0
2020-12-12,143,141,279784,0.0010150688,0.0070422535,7.1483716e-06,-0.00023341918,0
2020-12-13,131,104,242656,0.00096844916,0.11489362,0.00011126863,0.00010412026,0
2020-12-14,179,145,388462,0.00083405841,0.10493827,8.7524648e-05,-2.3743979e-05,0
2020-12-15,196,168,433473,0.00083972935,0.076923077,6.4594565e-05,-2.2930083e-05,0
2020-12-16,188,148,435856,0.00077089681,0.11904762,9.177343e-05,2.7178864e-05,0
2020-12-17,264,143,433762,0.00093830257,0.2972973,0.00027895482,0.00018718139,0
2020-12-18,236,159,408678,0.00096653111,0.19493671,0.00018841239,-9.0542425e-05,0
2020-12-19,90,97,261458,0.00071522004,-0.037433155,-2.6772942e-05,-0.00021518534,0
2020-12-20,147,132,235551,0.0011844569,0.053763441,6.3680477e-05,9.0453419e-05,0
2020-12-21,150,159,380622,0.00081182906,-0.029126214,-2.3645507e-05,-8.7325983e-05,0
2020-12-22,199,139,402524,0.00083970148,0.17751479,0.00014905943,0.00017270494,0
2020-12-23,161,157,396345,0.0008023313,0.012578616,1.0092218e-05,-0.00013896722,0
2020-12-24,180,154,330134,0.0010117104,0.077844311,7.8755899e-05,6.8663681e-05,0
2020-12-25,130,145,237628,0.001157271,-0.054545455,-6.3123874e-05,-0.00014187977,0
2020-12-26,72,186,211666,0.0012189015,-0.44186047,-0.00053858437,-0.0004754605,0
2020-12-27,58,191,218056,0.0011419085,-0.53413655,-0.00060993506,-7.1350689e-05,0
2020-12-28,211,152,339509,0.0010691911,0.16253444,0.00017378037,0.00078371543,0
2020-12-29,209,161,368946,0.0010028568,0.12972973,0.00013010034,-4.3680031e-05,0
2020-12-30,229,168,370147,0.0010725469,0.15365239,0.00016479939,3.4699051e-05,0
2020-12-31,174,123,321992,0.00092238316,0.17171717,0.00015838903,-6.4103622e-06,0
2021-01-01,105,108,231089,0.0009217228,-0.014084507,-1.2982011e-05,-0.00017137104,0
2021-01-02,141,92,218342,0.0010671332,0.21030043,0.00022441857,0.00023740058,0
2021-01-03,92,114,218408,0.00094318889,-0.10679612,-0.00010072891,-0.00032514748,0
2021-01-04,103,135,359283,0.00066243045,-0.13445378,-8.9066279e-05,1.1662632e-05,0
2021-01-05,115,156,395722,0.00068482419,-0.15129151,-0.00010360809,-1.4541809e-05,0
2021-01-06,111,104,390565,0.00055048455,0.03255814,1.7922753e-05,0.00012153084,0
2021-01-07,145,144,407743,0.0007087798,0.0034602076,2.4525252e-06,-1.5470228e-05,0
2021-01-08,125,109,391721,0.00059736394,0.068376068,4.0845398e-05,3.8392872e-05,0
2021-01-09,59,98,260446,0.0006028121,-0.24840764,-0.00014974313,-0.00019058853,0
2021-01-10,52,92,232354,0.00061974401,-0.27777778,-0.00017215111,-2.2407981e-05,0
2021-01-11,275,118,386901,0.0010157637,0.39949109,0.00040578856,0.00057793968,0
2021-01-12,260,115,423924,0.00088459252,0.38666667,0.00034204244,-6.3746119e-05,0
2021-01-13,225,100,437044,0.00074363222,0.38461538,0.00028601239,-5.6030049e-05,0
2021-01-14,153,135,431183,0.00066792986,0.0625,4.1745616e-05,-0.00024426678,0
2021-01-15,191,144,414351,0.00080849328,0.14029851,0.0001134304,7.1684785e-05,0
2021-01-16,128,126,262202,0.00096871877,0.0078740157,7.6277069e-06,-0.00010580269,0
2021-01-17,103,80,237681,0.00076993954,0.12568306,9.6768358e-05,8.9140651e-05,0
2021-01-18,182,169,376283,0.00093280855,0.037037037,3.4548465e-05,-6.2219893e-05,0
2021-01-19,206,161,416507,0.00088113765,0.1226158,0.0001080414,7.3492937e-05,0
2021-01-20,245,171,430952,0.00096530472,0.17788462,0.00017171286,6.3671458e-05,0
2021-01-21,221,139,426349,0.00084437867,0.22777778,0.0001923307,2.0617837e-05,0
2021-01-22,289,250,412078,0.0013080048,0.072356215,9.4642276e-05,-9.768842e-05,0
2021-01-23,69,93,260208,0.00062257886,-0.14814815,-9.2233905e-05,-0.00018687618,0
2021-01-24,71,90,233228,0.00069031163,-0.11801242,-8.1465347e-05,1.0768558e-05,0
2021-01-25,145,144,392007,0.00073723173,0.0034602076,2.5509749e-06,8.4016322e-05,0
2021-01-26,188,249,425535,0.0010269426,-0.1395881,-0.00014334896,-0.00014589994,0
2021-01-27,326,351,439973,0.0015387308,-0.036927622,-5.6821669e-05,8.6527292e-05,0
2021-01-28,187,195,439009,0.00087014161,-0.020942408,-1.8222861e-05,3.8598808e-05,0
2021-01-29,198,185,417688,0.00091695237,0.033942559,3.112371e-05,4.9346571e-05,0
2021-01-30,151,135,265908,0.00107556,0.055944056,6.0171187e-05,2.9047477e-05,0
2021-01-31,94,102,248519,0.00078867209,-0.040816327,-3.2190698e-05,-9.2361885e-05,0
2021-02-01,229,244,401219,0.0011789073,-0.031712474,-3.7386066e-05,-5.1953683e-06,0
2021-02-02,274,150,431507,0.00098260283,0.29245283,0.00028736498,0.00032475104,0
2021-02-03,198,224,433379,0.00097374354,-0.061611374,-5.9993678e-05,-0.00034735866,0
2021-02-04,180,212,415419,0.00094362559,-0.081632653,-7.7030661e-05,-1.7036983e-05,0
2021-02-05,289,254,412610,0.0013160127,0.064456722,8.4825865e-05,0.00016185653,0
2021-02-06,138,143,259619,0.0010823553,-0.017793594,-1.9258991e-05,-0.00010408486,0
2021-02-07,106,159,238624,0.0011105337,-0.2,-0.00022210675,-0.00020284775,0
2021-02-08,216,186,387385,0.0010377273,0.074626866,7.7442338e-05,0.00029954908,0
2021-02-09,237,161,426043,0.00093417801,0.19095477,0.00017838575,0.00010094341,0
2021-02-10,246,182,423172,0.0010114091,0.14953271,0.00015123874,-2.714701e-05,0
2021-02-11,333,205,405330,0.0013273135,0.23791822,0.00031579207,0.00016455333,0
2021-02-12,384,337,383719,0.0018789791,0.06518724,0.00012248546,-0.00019330661,0
2021-02-13,140,124,259387,0.0010177842,0.060606061,6.1683893e-05,-6.0801571e-05,0
2021-02-14,163,138,236759,0.001271335,0.083056478,0.00010559261,4.3908714e-05,0
2021-02-15,298,165,353226,0.0013107755,0.28725702,0.00037652947,0.00027093687,0
2021-02-16,307,166,393531,0.0012019383,0.29809725,0.00035829452,-1.8234956e-05,0
2021-02-17,276,154,419319,0.0010254723,0.28372093,0.00029094794,-6.7346576e-05,0
2021-02-18,204,215,428304,0.00097827711,-0.026252983,-2.5682693e-05,-0.00031663063,0
2021-02-19,289,164,409264,0.001106865,0.27593819,0.00030542633,0.00033110902,0
2021-02-20,159,178,271186,0.0012426895,-0.056379822,-7.0062614e-05,-0.00037548894,0
2021-02-21,95,164,232090,0.0011159464,-0.26640927,-0.00029729846,-0.00022723585,0
2021-02-22,226,198,378007,0.0011216723,0.066037736,7.4072702e-05,0.00037137116,0
2021-02-23,212,225,412579,0.0010591911,-0.029748284,-3.1509117e-05,-0.00010558182,0
2021-02-24,208,183,427161,0.00091534574,0.063938619,5.8525942e-05,9.0035059e-05,0
2021-02-25,176,207,428203,0.00089443558,-0.080939948,-7.2395569e-05,-0.00013092151,0
2021-02-26,285,372,409406,0.001604764,-0.13242009,-0.00021250299,-0.00014010742,0
2021-02-27,134,204,259889,0.0013005552,-0.20710059,-0.00026934576,-5.6842767e-05,0
2021-02-28,89,144,229907,0.0010134533,-0.2360515,-0.00023922717,3.0118593e-05,0
2021-03-01,202,294,389441,0.0012736204,-0.18548387,-0.00023623604,2.9911249e-06,0
2021-03-02,238,251,422417,0.0011576239,-0.026584867,-3.0775277e-05,0.00020546076,0
2021-03-03,312,258,430153,0.0013251099,0.094736842,0.00012553673,0.000156312,0
2021-03-04,250,312,424090,0.0013251904,-0.11032028,-0.00014619538,-0.00027173211,0
2021-03-05,280,257,404974,0.0013260111,0.04283054,5.6793769e-05,0.00020298915,0
2021-03-06,157,167,258775,0.0012520529,-0.030864198,-3.8643609e-05,-9.5437379e-05,0
2021-03-07,79,148,233522,0.00097207115,-0.30396476,-0.00029547537,-0.00025683176,0
2021-03-08,78,132,374748,0.00056037657,-0.25714286,-0.00014409683,0.00015137854,0
2021-03-09,218,215,417682,0.0010366738,0.0069284065,7.1824977e-06,0.00015127933,0
2021-03-10,271,307,425267,0.0013591461,-0.062283737,-8.4652701e-05,-9.1835198e-05,0
2021-03-11,257,323,425476,0.0013631791,-0.1137931,-0.00015512038,-7.0467682e-05,0
2021-03-12,211,305,400563,0.0012881869,-0.18217054,-0.0002346697,-7.954932e-05,0
2021-03-13,112,185,254595,0.0011665587,-0.24579125,-0.0002867299,-5.2060202e-05,0
2021-03-14,135,225,230628,0.0015609553,-0.25,-0.00039023883,-0.00010350892,0
2021-03-15,233,211,392200,0.0011320755,0.04954955,5.609383e-05,0.00044633266,0
2021-03-16,279,251,418834,0.0012654178,0.052830189,6.6852261e-05,1.0758432e-05,0
2021-03-17,185,291,426273,0.0011166553,-0.22268908,-0.00024866693,-0.0003155192,0
2021-03-18,338,385,415973,0.0017380936,-0.065006916,-0.0001129881,0.00013567883,0
2021-03-19,217,297,397271,0.0012938271,-0.15564202,-0.00020137387,-8.8385771e-05,0
2021-03-20,180,231,249955,0.001644296,-0.12408759,-0.00020403673,-2.6628534e-06,0
2021-03-21,122,179,226753,0.0013274356,-0.18936877,-0.00025137484,-4.7338117e-05,0
2021-03-22,219,230,384572,0.0011675317,-0.024498886,-2.8603226e-05,0.00022277162,0
2021-03-23,267,264,420660,0.0012623021,0.0056497175,7.1316503e-06,3.5734877e-05,0
2021-03-24,275,245,422002,0.0012322216,0.057692308,7.108971e-05,6.395806e-05,0
2021-03-25,270,242,425408,0.0012035505,0.0546875,6.5819167e-05,-5.2705439e-06,0
2021-03-26,337,426,405401,0.0018820871,-0.11664482,-0.00021953572,-0.00028535489,0
2021-03-27,187,284,252157,0.0018678839,-0.2059448,-0.00038468097,-0.00016514525,0
2021-03-28,108,199,227962,0.0013467157,-0.29641694,-0.00039918934,-1.4508366e-05,0
2021-03-29,250,264,376131,0.0013665452,-0.027237354,-3.7221075e-05,0.00036196826,0
2021-03-30,344,493,416220,0.0020109557,-0.17801673,-0.00035798376,-0.00032076268,0
2021-03-31,603,599,423604,0.0028375558,0.003327787,9.4427815e-06,0.00036742654,0
2021-04-01,932,1093,402365,0.0050327439,-0.079506173,-0.00040013421,-0.00040957699,0
2021-04-02,857,1395,340309,0.0066175153,-0.23889876,-0.0015809162,-0.001180782,0
2021-04-03,395,754,232977,0.0049318173,-0.3124456,-0.0015409246,3.9991527e-05,0
2021-04-04,335,524,211641,0.0040587599,-0.22002328,-0.00089302167,0.00064790297,0
2021-04-05,482,789,318343,0.0039925489,-0.24154209,-0.00096436862,-7.1346948e-05,0
2021-04-06,990,1366,397183,0.0059317745,-0.15959253,-0.0009466669,1.770172e-05,0
2021-04-07,676,1080,414740,0.0042339779,-0.23006834,-0.00097410426,-2.7437356e-05,0
2021-04-08,1177,1620,407848,0.0068579471,-0.15838398,-0.001086189,-0.00011208471,0
2021-04-09,813,1621,390248,0.0062370595,-0.33196385,-0.0020704783,-0.00098428929,0
2021-04-10,645,863,247005,0.0061051396,-0.14456233,-0.00088257323,0.001187905,0
2021-04-11,605,1041,226188,0.0072771323,-0.26488457,-0.0019276,-0.0010450268,0
2021-04-12,860,1490,380105,0.0061825022,-0.26808511,-0.0016574368,0.00027016329,0
2021-04-13,1059,2041,407615,0.0076052157,-0.31677419,-0.0024091361,-0.00075169931,0
2021-04-14,1067,1644,405065,0.006692753,-0.21283659,-0.0014244627,0.00098467333,0
2021-04-15,949,2064,408883,0.0073688561,-0.37006306,-0.0027269414,-0.0013024787,0
2021-04-16,804,2081,391221,0.0073743485,-0.44263432,-0.0032641397,-0.00053719826,0
2021-04-17,390,1095,242394,0.0061263893,-0.47474747,-0.0029084878,0.00035565187,0
2021-04-18,413,832,222834,0.0055871187,-0.33654618,-0.0018803235,0.0010281644,0
2021-04-19,929,1520,378187,0.0064756324,-0.24132299,-0.001562719,0.0003176045,0
2021-04-20,837,1827,409399,0.0065070994,-0.37162162,-0.0024181788,-0.00085545987,0
2021-04-21,589,1322,403666,0.0047341119,-0.38356881,-0.0018158577,0.00060232118,0
2021-04-22,748,1579,416210,0.0055909277,-0.35711216,-0.0019965883,-0.0001807306,0
2021-04-23,739,1040,387641,0.0045892978,-0.16919618,-0.00077649165,0.0012200966,0
2021-04-24,222,436,246439,0.0026700319,-0.32522796,-0.00086836905,-9.1877398e-05,0
2021-04-25,175,437,227957,0.0026847169,-0.42810458,-0.0011493396,-0.00028097052,0
2021-04-26,637,666,380105,0.0034280002,-0.022256332,-7.6294708e-05,0.0010730449,0
2021-04-27,612,587,403525,0.0029713153,0.020850709,6.195403e-05,0.00013824874,0
2021-04-28,563,768,408538,0.0032579589,-0.15401953,-0.00050178931,-0.00056374334,0
2021-04-29,461,864,410524,0.0032275823,-0.30415094,-0.0009816722,-0.0004798829,0
2021-04-30,277,454,379361,0.0019269245,-0.24213406,-0.00046657405,0.00051509815,0
2021-05-01,139,259,234433,0.0016977132,-0.30150754,-0.00051187333,-4.5299274e-05,0
2021-05-02,102,180,215069,0.0013112071,-0.27659574,-0.0003626743,0.00014919902,0
2021-05-03,228,343,326859,0.0017469306,-0.20140105,-0.00035183367,1.0840639e-05,0
2021-05-04,216,330,366636,0.0014892155,-0.20879121,-0.0003109351,4.0898569e-05,0
2021-05-05,310,421,390845,0.0018703066,-0.15184679,-0.00028400005,2.6935045e-05,0
2021-05-06,592,746,399273,0.0033510906,-0.11509716,-0.00038570101,-0.00010170096,0
2021-05-07,285,423,380651,0.0018599715,-0.19491525,-0.00036253681,2.31642e-05,0
2021-05-08,121,290,249175,0.0016494432,-0.41119221,-0.00067823819,-0.00031570137,0
2021-05-09,71,203,224361,0.0012212461,-0.48175182,-0.00058833755,8.9900641e-05,0
2021-05-10,111,211,362397,0.00088852833,-0.31055901,-0.00027594047,0.00031239707,0
2021-05-11,201,456,401775,0.0016352436,-0.38812785,-0.00063468359,-0.00035874312,0
2021-05-12,129,385,404441,0.0012708899,-0.49805447,-0.00063297242,1.7111679e-06,0
2021-05-13,218,319,378186,0.0014199362,-0.18808194,-0.00026706435,0.00036590807,0
2021-05-14,200,332,368120,0.0014451809,-0.2481203,-0.00035857872,-9.151437e-05,0
2021-05-15,101,257,233930,0.0015303723,-0.43575419,-0.00066686616,-0.00030828743,0
2021-05-16,87,243,217078,0.0015201909,-0.47272727,-0.0007186357,-5.1769541e-05,0
2021-05-17,151,267,366389,0.0011408639,-0.27751196,-0.00031660339,0.00040203231,0
2021-05-18,131,324,400577,0.0011358615,-0.42417582,-0.000481805,-0.0001652016,0
2021-05-19,178,393,407435,0.0014014505,-0.3765324,-0.00052769153,-4.5886537e-05,0
2021-05-20,440,821,405834,0.0031071818,-0.30214116,-0.00093880749,-0.00041111596,0
2021-05-21,327,365,381142,0.0018155963,-0.054913295,-9.9700374e-05,0.00083910712,0
2021-05-22,162,189,241441,0.0014537713,-0.076923077,-0.00011182856,-1.2128189e-05,0
2021-05-23,113,148,216325,0.001206518,-0.13409962,-0.0001617936,-4.9965035e-05,0
2021-05-24,230,236,345639,0.0013482275,-0.012875536,-1.7359152e-05,0.00014443445,0
2021-05-25,244,346,392442,0.0015034069,-0.17288136,-0.00025991102,-0.00024255187,0
2021-05-26,267,280,396901,0.0013781774,-0.023765996,-3.275376e-05,0.00022715726,0
2021-05-27,336,242,401744,0.0014387271,0.16262976,0.00023397985,0.00026673361,0
2021-05-28,241,213,377409,0.001202939,0.061674009,7.419007e-05,-0.00015978978,0
2021-05-29,125,131,232977,0.0010988209,-0.0234375,-2.5753615e-05,-9.9943685e-05,0
2021-05-30,103,106,212810,0.00098209671,-0.014354067,-1.4097082e-05,1.1656533e-05,0
2021-05-31,231,226,324150,0.0014098411,0.010940919,1.5424958e-05,2.9522039e-05,0
2021-06-01,305,347,376617,0.0017312017,-0.064417178,-0.00011151913,-0.00012694409,0
2021-06-02,293,271,384568,0.0014665807,0.039007092,5.7207048e-05,0.00016872618,0
2021-06-03,316,257,381811,0.0015007425,0.10296684,0.00015452672,9.7319668e-05,0
2021-06-04,218,213,369739,0.0011656871,0.011600928,1.3523053e-05,-0.00014100366,0
2021-06-05,93,128,232348,0.00095115947,-0.15837104,-0.00015063611,-0.00016415917,0
2021-06-06,131,170,213886,0.0014072917,-0.12956811,-0.00018234013,-3.170401e-05,0
2021-06-07,292,253,354476,0.0015374807,0.071559633,0.00011002155,0.00029236168,0
2021-06-08,344,293,388002,0.0016417441,0.080062794,0.00013144262,2.1421068e-05,0
2021-06-09,405,247,392876,0.0016595567,0.24233129,0.00040216251,0.00027071989,0
2021-06-10,360,257,391875,0.0015744817,0.16693679,0.00026283892,-0.0001393236,0
2021-06-11,496,304,372657,0.0021467462,0.24,0.00051521909,0.00025238017,0
2021-06-12,218,292,231988,0.0021983896,-0.14509804,-0.00031898202,-0.00083420111,0
2021-06-13,231,256,210210,0.0023167309,-0.051334702,-0.00011892869,0.00020005333,0
2021-06-14,468,546,340462,0.0029783059,-0.076923077,-0.00022910046,-0.00011017177,0
2021-06-15,633,434,388720,0.0027449064,0.18650422,0.00051193661,0.00074103707,0
2021-06-16,1517,639,391468,0.0055074744,0.40723562,0.0022428398,0.0017309032,0
2021-06-17,704,532,388809,0.0031789388,0.13915858,0.00044237659,-0.0018004632,0
2021-06-18,296,297,366728,0.0016170022,-0.0016863406,-2.7268166e-06,-0.00044510341,0
2021-06-19,139,302,225981,0.0019514915,-0.36961451,-0.00072129958,-0.00071857276,0
2021-06-20,124,211,211344,0.0015850935,-0.25970149,-0.00041165115,0.00030964843,0
2021-06-21,171,286,350375,0.0013043168,-0.25164114,-0.00032821976,8.3431382e-05,0
2021-06-22,194,386,382590,0.0015159832,-0.33103448,-0.0005018427,-0.00017362294,0
2021-06-23,226,579,391285,0.0020573239,-0.43850932,-0.00090215572,-0.00040031301,0
2021-06-24,295,488,386663,0.0020250192,-0.24648787,-0.00049914266,0.00040301305,0
2021-06-25,322,402,366127,0.0019774559,-0.11049724,-0.00021850342,0.00028063925,0
2021-06-26,174,205,229660,0.0016502656,-0.081794195,-0.00013498215,8.3521268e-05,0
2021-06-27,92,208,212448,0.0014121103,-0.38666667,-0.00054601597,-0.00041103382,0
2021-06-28,144,240,353609,0.0010859452,-0.25,-0.0002714863,0.00027452966,0
2021-06-29,141,295,380027,0.0011472869,-0.35321101,-0.00040523436,-0.00013374806,0
2021-06-30,242,334,393756,0.0014628349,-0.15972222,-0.00023364723,0.00017158713,0
2021-07-01,232,355,389707,0.0015062598,-0.20954003,-0.00031562174,-8.1974503e-05,0
2021-07-02,175,375,358279,0.0015351165,-0.36363636,-0.00055822418,-0.00024260244,0
2021-07-03,109,163,221766,0.001226518,-0.19852941,-0.00024349991,0.00031472427,0
2021-07-04,97,163,206103,0.0012615052,-0.25384615,-0.00032022824,-7.672833e-05,0
2021-07-05,180,251,321800,0.0013393412,-0.16473318,-0.00022063393,9.9594301e-05,0
2021-07-06,212,232,365276,0.0012155192,-0.045045045,-5.4753118e-05,0.00016588082,0
2021-07-07,184,220,388453,0.0010400229,-0.089108911,-9.2675304e-05,-3.7922186e-05,0
2021-07-08,139,244,383126,0.00099967113,-0.27415144,-0.00027406127,-0.00018138597,0
2021-07-09,175,257,359733,0.0012008907,-0.18981481,-0.00022794684,4.6114437e-05,0
2021-07-10,106,143,225901,0.0011022528,-0.14859438,-0.00016378856,6.4158276e-05,0
2021-07-11,65,125,207277,0.00091664777,-0.31578947,-0.00028946772,-0.00012567915,0
2021-07-12,319,213,345276,0.0015407963,0.19924812,0.00030700078,0.00059646849,0
2021-07-13,323,191,379105,0.0013558249,0.25680934,0.0003481885,4.118772e-05,0
2021-07-14,206,159,383837,0.00095092448,0.12876712,0.00012244781,-0.00022574069,0
2021-07-15,218,174,383965,0.0010209264,0.1122449,0.00011459378,-7.8540318e-06,0
2021-07-16,213,166,362193,0.0010464034,0.12401055,0.00012976507,1.5171292e-05,0
2021-07-17,122,120,232246,0.0010419986,0.0082644628,8.6115584e-06,-0.00012115351,0
2021-07-18,71,98,208346,0.00081115068,-0.15976331,-0.00012959212,-0.00013820368,0
2021-07-19,105,140,341886,0.00071661314,-0.14285714,-0.00010237331,2.7218815e-05,0
2021-07-20,181,218,363247,0.0010984261,-0.09273183,-0.00010185907,5.1424013e-07,0
2021-07-21,542,252,365772,0.0021707512,0.36523929,0.00079284363,0.00089470269,0
2021-07-22,617,422,364050,0.0028540036,0.18768046,0.00053564071,-0.00025720292,0
2021-07-23,314,212,351774,0.0014952782,0.19391635,0.00028995889,-0.00024568181,0
2021-07-24,133,125,222263,0.001160787,0.031007752,3.5993395e-05,-0.0002539655,0
2021-07-25,88,102,206625,0.00091954023,-0.073684211,-6.7755596e-05,-0.00010374899,0
2021-07-26,138,153,339918,0.00085608882,-0.051546392,-4.412829e-05,2.3627306e-05,0
2021-07-27,229,255,368488,0.0013134756,-0.053719008,-7.0558607e-05,-2.6430317e-05,0
2021-07-28,177,223,372945,0.0010725442,-0.115,-0.00012334258,-5.2783977e-05,0
2021-07-29,154,306,340575,0.001350657,-0.33043478,-0.00044630404,-0.00032296146,0
2021-07-30,108,114,295176,0.00075209367,-0.027027027,-2.0326856e-05,0.00042597719,0
2021-07-31,102,139,179518,0.0013424838,-0.15352697,-0.00020610747,-0.00018578061,0
2021-08-01,82,153,176789,0.0013292682,-0.30212766,-0.0004016087,-0.00019550123,0
2021-08-02,116,142,279820,0.0009220213,-0.10077519,-9.2916875e-05,0.00030869182,0
2021-08-03,87,140,312044,0.00072746151,-0.23348018,-0.00016984784,-7.6930967e-05,0
2021-08-04,91,134,326653,0.00068880433,-0.19111111,-0.00013163816,3.8209682e-05,0
2021-08-05,166,243,312187,0.0013101122,-0.18826406,-0.00024664704,-0.00011500888,0
2021-08-06,84,159,275945,0.00088061027,-0.30864198,-0.00027179329,-2.514625e-05,0
2021-08-07,62,104,145166,0.0011435185,-0.25301205,-0.00028932395,-1.7530654e-05,0
2021-08-08,57,111,143688,0.0011691999,-0.32142857,-0.00037581426,-8.6490318e-05,0
2021-08-09,162,173,257737,0.0012997746,-0.032835821,-4.2679165e-05,0.0003331351,0
2021-08-10,121,241,265910,0.0013613629,-0.33149171,-0.00045128051,-0.00040860134,0
2021-08-11,169,179,276749,0.0012574571,-0.028735632,-3.6133825e-05,0.00041514668,0
2021-08-12,168,187,269766,0.0013159553,-0.053521127,-7.0431411e-05,-3.4297586e-05,0
2021-08-13,107,158,231316,0.001145619,-0.19245283,-0.00022047762,-0.0001500462,0
2021-08-14,52,99,109615,0.0013775487,-0.31125828,-0.00042877343,-0.00020829582,0
2021-08-15,56,119,107839,0.0016227895,-0.36,-0.00058420423,-0.0001554308,0
2021-08-16,102,142,215053,0.001134604,-0.16393443,-0.00018600066,0.00039820357,0
2021-08-17,118,141,227926,0.0011363337,-0.088803089,-0.00010090994,8.5090716e-05,0
2021-08-18,125,92,230675,0.00094071746,0.15207373,0.00014305842,0.00024396836,0
2021-08-19,264,216,334923,0.0014331652,0.1,0.00014331652,2.5810798e-07,0
2021-08-20,475,287,338763,0.0022493602,0.24671916,0.00055496025,0.00041164373,0
2021-08-21,170,207,218918,0.001722106,-0.098143236,-0.00016901306,-0.00072397331,0
2021-08-22,338,316,203092,0.0032202155,0.033639144,0.00010832529,0.00027733835,0
2021-08-23,394,261,330440,0.0019822055,0.20305344,0.00040249364,0.00029416835,0
2021-08-24,549,294,362811,0.0023235238,0.3024911,0.00070284528,0.00030035164,0
2021-08-25,243,216,372972,0.0012306554,0.058823529,7.2391493e-05,-0.00063045379,0
2021-08-26,154,188,364724,0.00093769535,-0.099415205,-9.3221175e-05,-0.00016561267,0
2021-08-27,148,185,340515,0.00097793049,-0.11111111,-0.00010865894,-1.5437768e-05,0
2021-08-28,113,266,223521,0.0016955901,-0.40369393,-0.00068449944,-0.0005758405,0
2021-08-29,93,213,204924,0.0014932365,-0.39215686,-0.00058558295,9.8916495e-05,0
2021-08-30,190,212,331616,0.0012122455,-0.054726368,-6.6341793e-05,0.00051924115,0
2021-08-31,368,330,368455,0.0018943969,0.054441261,0.00010313335,0.00016947515,0
2021-09-01,310,319,380462,0.0016532532,-0.014308426,-2.365545e-05,-0.0001267888,0
2021-09-02,430,329,374522,0.0020265832,0.13306983,0.00026967708,0.00029333253,0
2021-09-03,209,205,351895,0.0011764873,0.0096618357,1.1367027e-05,-0.00025831005,0
2021-09-04,117,160,219237,0.0012634729,-0.15523466,-0.00019613478,-0.0002075018,0
2021-09-05,154,159,204550,0.0015301882,-0.015974441,-2.4443901e-05,0.00017169088,0
2021-09-06,168,181,308314,0.0011319629,-0.037249284,-4.2164806e-05,-1.7720905e-05,0
2021-09-07,207,184,357952,0.0010923252,0.058823529,6.4254425e-05,0.00010641923,0
2021-09-08,167,157,373728,0.00086694066,0.030864198,2.6757428e-05,-3.7496997e-05,0
2021-09-09,215,306,373589,0.0013945807,-0.17466411,-0.00024358319,-0.00027034062,0
2021-09-10,284,440,357553,0.0020248746,-0.21546961,-0.00043629895,-0.00019271577,0
2021-09-11,144,215,230006,0.0015608288,-0.19777159,-0.0003086876,0.00012761135,0
2021-09-12,165,225,206056,0.0018926894,-0.15384615,-0.00029118298,1.750462e-05,0
2021-09-13,159,231,352376,0.0011067723,-0.18461538,-0.0002043272,8.6855783e-05,0
2021-09-14,171,310,384076,0.0012523563,-0.28898129,-0.00036190754,-0.00015758034,0
2021-09-15,166,197,384744,0.0009434845,-0.085399449,-8.0573056e-05,0.00028133448,0
2021-09-16,282,218,377865,0.0013232239,0.128,0.00016937266,0.00024994572,0
2021-09-17,285,286,359295,0.0015892233,-0.0017513135,-2.7832283e-06,-0.00017215589,0
2021-09-18,76,125,236146,0.00085116835,-0.24378109,-0.00020749875,-0.00020471552,0
2021-09-19,67,107,207134,0.00084003592,-0.22988506,-0.00019311171,1.4387045e-05,0
2021-09-20,141,199,336223,0.0010112336,-0.17058824,-0.00017250456,2.0607147e-05,0
2021-09-21,125,163,361118,0.00079752325,-0.13194444,-0.00010522876,6.7275796e-05,0
2021-09-22,142,307,381335,0.0011774424,-0.3674833,-0.00043269042,-0.00032746165,0
2021-09-23,152,215,381061,0.0009631004,-0.17166213,-0.00016532786,0.00026736256,0
2021-09-24,225,252,358355,0.0013310823,-0.056603774,-7.5344282e-05,8.9983579e-05,0
2021-09-25,127,159,242816,0.0011778466,-0.11188811,-0.00013178703,-5.6442751e-05,0
2021-09-26,169,162,255235,0.0012968441,0.021148036,2.7425706e-05,0.00015921274,0
2021-09-27,353,287,384149,0.0016660202,0.103125,0.00017180833,0.00014438263,0
2021-09-28,282,302,404663,0.0014431762,-0.034246575,-4.9423842e-05,-0.00022123218,0
2021-09-29,287,246,404109,0.0013189511,0.076923077,0.00010145778,0.00015088162,0
2021-09-30,305,289,401875,0.0014780715,0.026936027,3.9813375e-05,-6.16444e-05,0
2021-10-01,237,276,368440,0.001392357,-0.076023392,-0.0001058517,-0.00014566507,0
2021-10-02,106,114,237694,0.00092555975,-0.036363636,-3.3656718e-05,7.2194981e-05,0
2021-10-03,115,125,213071,0.0011263851,-0.041666667,-4.6932713e-05,-1.3275994e-05,0
2021-10-04,196,128,351991,0.00092047808,0.20987654,0.00019318676,0.00024011947,0
2021-10-05,195,136,381070,0.00086860682,0.17824773,0.0001548272,-3.8359561e-05,0
2021-10-06,150,177,381803,0.00085646263,-0.082568807,-7.0717098e-05,-0.00022554429,0
2021-10-07,178,170,382699,0.00090933083,0.022988506,2.0904157e-05,9.1621255e-05,0
2021-10-08,144,160,368163,0.00082572122,-0.052631579,-4.3459011e-05,-6.4363168e-05,0
2021-10-09,86,72,236194,0.00066894163,0.088607595,5.9273309e-05,0.00010273232,0
2021-10-10,76,78,206244,0.00074668839,-0.012987013,-9.6972518e-06,-6.8970561e-05,0
2021-10-11,340,200,336346,0.0016054896,0.25925926,0.00041623804,0.00042593529,0
2021-10-12,420,238,375436,0.0017526289,0.27659574,0.00048476971,6.8531667e-05,0
2021-10-13,350,227,384284,0.0015014937,0.21317158,0.00032007578,-0.00016469393,0
2021-10-14,211,183,380497,0.0010354878,0.07106599,7.3587965e-05,-0.00024648781,0
2021-10-15,213,152,356676,0.0010233377,0.16712329,0.00017102356,9.7435597e-05,0
2021-10-16,111,123,215792,0.0010843775,-0.051282051,-5.5609105e-05,-0.00022663267,0
2021-10-17,103,113,192232,0.0011236423,-0.046296296,-5.2020475e-05,3.5886298e-06,0
2021-10-18,157,172,343989,0.00095642593,-0.045592705,-4.3606046e-05,8.4144297e-06,0
2021-10-19,255,179,379717,0.0011429565,0.17511521,0.00020014906,0.0002437551,0
2021-10-20,226,227,385492,0.0011751217,-0.0022075055,-2.5940876e-06,-0.00020274315,0
2021-10-21,252,274,387433,0.0013576541,-0.041825095,-5.6784012e-05,-5.4189924e-05,0
2021-10-22,254,182,367549,0.0011862364,0.16513761,0.00019589225,0.00025267626,0
2021-10-23,214,141,225010,0.0015777077,0.2056338,0.00032443003,0.00012853778,0
2021-10-24,98,133,196661,0.0011746101,-0.15151515,-0.00017797123,-0.00050240126,0
2021-10-25,255,194,346567,0.0012955648,0.13585746,0.00017601214,0.00035398337,0
2021-10-26,254,295,376112,0.0014596716,-0.074681239,-0.00010901008,-0.00028502222,0
2021-10-27,299,324,382700,0.001627907,-0.040128411,-6.532532e-05,4.3684762e-05,0
2021-10-28,241,276,381980,0.001353474,-0.067698259,-9.1627834e-05,-2.6302514e-05,0
2021-10-29,304,313,365897,0.0016862669,-0.01458671,-2.4597086e-05,6.7030748e-05,0
2021-10-30,201,201,229379,0.001752558,0,0,2.4597086e-05,0
2021-10-31,100,173,213512,0.0012786167,-0.26739927,-0.00034190116,-0.00034190116,0
2021-11-01,274,374,327454,0.0019789039,-0.15432099,-0.00030538641,3.6514752e-05,0
2021-11-02,226,424,370917,0.0017524136,-0.30461538,-0.00053381215,-0.00022842574,0
2021-11-03,217,288,385006,0.0013116679,-0.14059406,-0.00018441271,0.00034939944,0
2021-11-04,274,260,374907,0.0014243532,0.026217228,3.7342594e-05,0.0002217553,0
2021-11-05,178,254,355295,0.001215891,-0.17592593,-0.00021390675,-0.00025124935,0
2021-11-06,172,468,229828,0.0027846912,-0.4625,-0.0012879197,-0.0010740129,0
2021-11-07,164,213,196085,0.0019226356,-0.12997347,-0.00024989163,0.001038028,0
2021-11-08,202,407,349188,0.0017440462,-0.33661741,-0.0005870763,-0.00033718467,0
2021-11-09,216,391,380940,0.0015934268,-0.28830313,-0.00045938993,0.00012768637,0
2021-11-10,222,484,385882,0.0018295748,-0.37110482,-0.00067896404,-0.00021957411,0
2021-11-11,216,558,380531,0.0020339999,-0.44186047,-0.00089874412,-0.00021978009,0
2021-11-12,262,1011,365443,0.0034834434,-0.58837392,-0.0020495672,-0.0011508231,0
2021-11-13,154,571,226276,0.0032040517,-0.57517241,-0.0018428821,0.00020668509,0
2021-11-14,144,541,203937,0.0033588804,-0.57956204,-0.0019466796,-0.00010379747,0
2021-11-15,338,1142,346856,0.0042669004,-0.54324324,-0.0023179648,-0.00037128519,0
2021-11-16,278,910,374798,0.0031697074,-0.53198653,-0.0016862417,0.00063172315,0
2021-11-17,309,664,380060,0.0025601221,-0.36485098,-0.00093406304,0.00075217861,0
2021-11-18,509,767,381398,0.0033455865,-0.20219436,-0.00067645871,0.00025760433,0
2021-11-19,384,822,364689,0.0033069273,-0.36318408,-0.0012010233,-0.00052456463,0
2021-11-20,164,765,217797,0.0042654398,-0.64693219,-0.0027594503,-0.001558427,0
2021-11-21,197,921,194220,0.0057563588,-0.64758497,-0.0037277314,-0.00096828112,0
2021-11-22,269,1374,350291,0.004690386,-0.67255021,-0.0031545201,0.00057321134,0
2021-11-23,275,1385,374933,0.0044274577,-0.6686747,-0.0029605289,0.00019399115,0
2021-11-24,388,1068,378786,0.0038438591,-0.46703297,-0.0017952089,0.00116532,0
2021-11-25,339,1055,346524,0.0040228094,-0.51362984,-0.002066235,-0.00027102605,0
2021-11-26,434,1528,328773,0.0059676433,-0.55759429,-0.0033275239,-0.0012612889,0
2021-11-27,138,772,217641,0.0041811975,-0.6967033,-0.0029130541,0.00041446979,0
2021-11-28,146,558,199566,0.003527655,-0.58522727,-0.0020644799,0.00084857414,0
2021-11-29,308,971,345904,0.0036975577,-0.51837373,-0.0019167168,0.00014776314,0
2021-11-30,426,1530,377814,0.0051771507,-0.56441718,-0.0029220728,-0.001005356,0
2021-12-01,854,1614,383753,0.0064312201,-0.30794165,-0.0019804405,0.00094163222,0
2021-12-02,761,1793,384100,0.0066493101,-0.40407204,-0.0026868003,-0.00070635977,0
2021-12-03,530,1784,359381,0.006438849,-0.54191876,-0.003489333,-0.00080253274,0
2021-12-04,370,2735,225440,0.013773066,-0.76167472,-0.010490596,-0.0070012631,0
2021-12-05,273,1658,202306,0.0095449468,-0.71724495,-0.0068460649,0.0036445313,0
2021-12-06,547,2124,339338,0.0078712081,-0.59041557,-0.0046472838,0.002198781,0
2021-12-07,1457,4602,367530,0.016485729,-0.51906255,-0.0085571246,-0.0039098408,0
2021-12-08,1661,4288,367730,0.01617763,-0.44158682,-0.0071438284,0.0014132962,0
2021-12-09,1127,2745,381101,0.010160036,-0.4178719,-0.0042455937,0.0028982347,0
2021-12-10,1259,2469,363839,0.01024629,-0.32457082,-0.0033256468,0.0009199469,0
2021-12-11,562,1984,232820,0.010935487,-0.55852317,-0.0061077227,-0.0027820759,0
2021-12-12,768,2212,203844,0.014619022,-0.48456376,-0.0070838484,-0.00097612573,0
2021-12-13,838,1983,338988,0.0083218285,-0.40588444,-0.0033777007,0.0037061477,0
2021-12-14,980,1665,372356,0.0071034172,-0.25897921,-0.0018396373,0.0015380633,0
2021-12-15,913,1900,382594,0.0073524415,-0.35087096,-0.0025797582,-0.00074012084,0
2021-12-16,1051,2150,376083,0.008511419,-0.34333021,-0.0029222273,-0.0003424691,0
2021-12-17,966,2086,361627,0.0084396353,-0.36697248,-0.0030971139,-0.0001748866,0
2021-12-18,398,1580,225028,0.0087900172,-0.59757331,-0.0052526797,-0.0021555658,0
2021-12-19,316,1144,196389,0.0074342249,-0.56712329,-0.0042161221,0.0010365576,0
2021-12-20,482,1380,334764,0.0055621273,-0.48227712,-0.0026824868,0.0015336353,0
2021-12-21,838,1840,360679,0.0074248847,-0.37415982,-0.0027780935,-9.5606773e-05,0
2021-12-22,957,2203,351147,0.0089990802,-0.3943038,-0.0035483715,-0.00077027794,0
2021-12-23,1367,2250,338407,0.010688313,-0.24412497,-0.0026092841,0.00093908739,0
2021-12-24,893,1485,267031,0.0089053331,-0.2489487,-0.0022169711,0.00039231302,0
2021-12-25,321,1096,146777,0.0096541011,-0.54693013,-0.0052801188,-0.0030631478,0
2021-12-26,725,1357,168868,0.012329157,-0.30355427,-0.0037425682,0.0015375507,0
2021-12-27,801,1196,272605,0.0073256177,-0.1977967,-0.001448983,0.0022935852,0
2021-12-28,1006,1261,305886,0.0074112578,-0.11248346,-0.00083364391,0.00061533905,0
2021-12-29,896,1581,315669,0.0078468269,-0.27654421,-0.0021699945,-0.0013363506,0
2021-12-30,944,2172,311317,0.01000909,-0.39409499,-0.0039445324,-0.0017745379,0
2021-12-31,1463,3018,258434,0.01733905,-0.34702075,-0.0060170101,-0.0020724777,0
2022-01-01,605,883,149414,0.0099589061,-0.18682796,-0.0018606021,0.0041564081,0
2022-01-02,298,698,161094,0.0061827256,-0.40160643,-0.0024830223,-0.00062242025,0
2022-01-03,733,1742,265545,0.0093204542,-0.40767677,-0.0037997326,-0.0013167103,0
2022-01-04,766,1103,333148,0.0056101192,-0.18031033,-0.0010115624,0.0027881702,0
2022-01-05,648,1279,348263,0.0055331746,-0.327452,-0.0018118491,-0.00080028666,0
2022-01-06,525,987,332107,0.0045527496,-0.30555556,-0.0013911179,0.00042073117,0
2022-01-07,689,1352,324847,0.0062829578,-0.32484076,-0.0020409608,-0.0006498429,0
2022-01-08,615,1630,217492,0.010322219,-0.45211581,-0.0046668383,-0.0026258775,0
2022-01-09,1043,1880,183683,0.015913285,-0.28634964,-0.0045567636,0.00011007477,0
2022-01-10,2149,2817,330918,0.015006739,-0.1345147,-0.002018627,0.0025381366,0
2022-01-11,1798,2072,363627,0.010642774,-0.070801034,-0.0007535194,0.0012651076,0
2022-01-12,1782,2793,371547,0.012313382,-0.22098361,-0.0027210555,-0.0019675361,0
2022-01-13,1832,2641,376142,0.011891786,-0.18086296,-0.0021507835,0.000570272,0
2022-01-14,1658,3665,354941,0.014996859,-0.37704302,-0.0056544609,-0.0035036774,0
2022-01-15,855,2234,220429,0.014013583,-0.44642279,-0.0062559827,-0.00060152177,0
2022-01-16,644,2766,203402,0.01676483,-0.62228739,-0.010432542,-0.0041765598,0
2022-01-17,1124,2989,311847,0.01318916,-0.45344031,-0.0059804968,0.0044520456,0
2022-01-18,1753,4180,361664,0.016404729,-0.40906793,-0.0067106486,-0.00073015171,0
2022-01-19,1825,4906,382479,0.017598352,-0.45773288,-0.0080553442,-0.0013446957,0
2022-01-20,1305,7092,380848,0.022048166,-0.68917471,-0.015195038,-0.0071396942,0
2022-01-21,1741,6567,347880,0.023881798,-0.58088589,-0.0138726,0.0013224387,0
2022-01-22,918,4436,225195,0.023774951,-0.65707882,-0.015622016,-0.0017494167,0
2022-01-23,637,4571,199935,0.026048466,-0.75537634,-0.019676395,-0.0040543784,0
2022-01-24,1443,8972,339974,0.030634696,-0.72289966,-0.022145811,-0.0024694163,0
2022-01-25,1599,8633,368348,0.027778079,-0.68745113,-0.019096072,0.003049739,0
2022-01-26,2195,8677,371141,0.029293449,-0.59621045,-0.01746506,0.0016310117,0
2022-01-27,2638,6529,374110,0.024503488,-0.42445729,-0.010400684,0.0070643762,0
2022-01-28,1982,8046,354026,0.028325603,-0.60470682,-0.017128685,-0.0067280012,0
2022-01-29,1062,5028,228536,0.02664788,-0.65123153,-0.01735394,-0.0002252544,0
2022-01-30,1317,5021,202093,0.031361799,-0.58441149,-0.018328195,-0.00097425557,0
2022-01-31,1421,6236,317480,0.024118055,-0.62883636,-0.01516631,0.0031618857,0
2022-02-01,1509,6576,350519,0.023065797,-0.62671614,-0.014455707,0.00071060258,0
2022-02-02,1429,5989,356034,0.020835089,-0.61472095,-0.012807766,0.0016479416,0
2022-02-03,1032,5093,356601,0.01717606,-0.66302041,-0.011388078,0.0014196876,0
2022-02-04,1240,5347,336205,0.019592213,-0.62350083,-0.012215761,-0.00082768323,0
2022-02-05,539,4006,221761,0.020495037,-0.76281628,-0.015633948,-0.003418187,0
2022-02-06,637,4950,201336,0.027749632,-0.77197065,-0.021421902,-0.0057879534,0
2022-02-07,1694,6640,321429,0.025927965,-0.59347252,-0.015387535,0.0060343667,0
2022-02-08,2647,6680,364934,0.025558046,-0.43240056,-0.011051313,0.0043362217,0
2022-02-09,1695,5081,372974,0.018167486,-0.49970484,-0.0090783808,0.0019729326,0
2022-02-10,1849,5357,378488,0.019038913,-0.48681654,-0.0092684577,-0.00019007685,0
2022-02-11,2354,8183,351823,0.029949719,-0.55319351,-0.01656799,-0.0072995325,0
2022-02-12,2036,12281,224659,0.063727694,-0.71558287,-0.045602446,-0.029034456,0
2022-02-13,1415,8583,191923,0.052093808,-0.71694339,-0.037348312,0.0082541348,0
2022-02-14,2711,13886,335252,0.049506043,-0.67331445,-0.033333134,0.0040151771,0
2022-02-15,3191,14883,359677,0.050250642,-0.64689609,-0.032506944,0.00082619075,0
2022-02-16,2438,12106,367311,0.039595874,-0.66474147,-0.02632102,0.0061859242,0
2022-02-17,2636,13410,358080,0.044811215,-0.6714446,-0.030088248,-0.0037672289,0
2022-02-18,3383,13611,348377,0.048780488,-0.60185948,-0.029358999,0.00072924942,0
2022-02-19,3142,12897,222598,0.072053657,-0.608205,-0.043823395,-0.014464396,0
2022-02-20,2787,10618,199600,0.067159319,-0.58418501,-0.039233467,0.0045899277,0
2022-02-21,4040,15027,319194,0.059734832,-0.57623118,-0.034421073,0.0048123939,0
2022-02-22,5590,22331,361226,0.077295101,-0.59958454,-0.046344947,-0.011923874,0
2022-02-23,3230,19573,365179,0.06244335,-0.71670394,-0.044753395,0.0015915526,0
2022-02-24,4299,50675,386066,0.14239534,-0.84359879,-0.12012454,-0.075371143,0
2022-02-25,7277,51545,360034,0.16337901,-0.75257557,-0.12295505,-0.002830516,0
2022-02-26,5849,33838,237676,0.16697942,-0.70524353,-0.11776115,0.0051939004,0
2022-02-27,8084,32925,214606,0.19108972,-0.60574508,-0.11575166,0.0020094973,0
2022-02-28,13378,43163,334893,0.16883303,-0.52678587,-0.088938855,0.026812801,0
2022-03-01,9086,44710,363562,0.14796926,-0.66220537,-0.097986038,-0.009047183,0
2022-03-02,8179,46677,372492,0.14726759,-0.70180108,-0.10335256,-0.0053665171,0
2022-03-03,10140,40339,367530,0.13734661,-0.59824878,-0.082167442,0.021185113,0
2022-03-04,6897,37411,347695,0.12743353,-0.68867925,-0.087760825,-0.0055933827,0
2022-03-05,8912,28149,234698,0.15790931,-0.51906317,-0.081964908,0.0057959168,0
2022-03-06,7797,25581,202424,0.16489151,-0.53280604,-0.087855195,-0.0058902869,0
2022-03-07,9741,34541,323264,0.13698401,-0.56004697,-0.076717482,0.011137713,0
2022-03-08,7326,35572,360858,0.11887779,-0.65844562,-0.078274557,-0.0015570751,0
2022-03-09,7259,32566,365943,0.10882842,-0.63545512,-0.069155579,0.0091189779,0
2022-03-10,8709,32852,367382,0.11312748,-0.58090518,-0.065716339,0.00343924,0
2022-03-11,6524,30791,350637,0.1064206,-0.65032829,-0.069208327,-0.0034919877,0
2022-03-12,4134,20029,228939,0.1055434,-0.65782395,-0.069428975,-0.00022064797,0
2022-03-13,4896,20014,203455,0.12243494,-0.60690486,-0.074306358,-0.0048773831,0
2022-03-14,8680,27291,330700,0.1087723,-0.51738901,-0.056277593,0.018028765,0
2022-03-15,8257,28672,364753,0.10124386,-0.55281757,-0.055969382,0.00030821096,0
2022-03-16,8936,28331,361447,0.10310502,-0.52043363,-0.053659319,0.0023100627,0
2022-03-17,7398,24383,361101,0.088011387,-0.53443882,-0.047036702,0.0066226177,0
2022-03-18,6674,23204,331343,0.09017242,-0.55324988,-0.049887881,-0.0028511789,0
2022-03-19,5147,17567,214661,0.10581335,-0.54679933,-0.05785867,-0.0079707896,0
2022-03-20,4618,14588,193698,0.099154354,-0.51910861,-0.051471879,0.0063867913,0
2022-03-21,5489,21316,327006,0.081970973,-0.59044954,-0.048399724,0.0030721554,0
2022-03-22,5064,20507,354803,0.07207098,-0.60392632,-0.043525562,0.0048741615,0
2022-03-23,5040,22058,362106,0.074834441,-0.62801683,-0.046997288,-0.003471726,0
2022-03-24,4113,25524,362216,0.081821344,-0.72244154,-0.059111138,-0.01211385,0
2022-03-25,3629,21538,338936,0.074252956,-0.71160647,-0.052838884,0.0062722541,0
2022-03-26,2799,15212,222133,0.081082054,-0.68918994,-0.055880936,-0.0030420522,0
2022-03-27,3475,13757,198122,0.086976711,-0.59668059,-0.051897316,0.0039836204,0
2022-03-28,7682,17678,336495,0.075365161,-0.39416404,-0.029706236,0.022191079,0
2022-03-29,13091,18691,365474,0.086961042,-0.17620036,-0.015322567,0.014383669,0
2022-03-30,9741,17331,363619,0.074451555,-0.28036348,-0.020873497,-0.0055509293,0
2022-03-31,7164,18651,369275,0.069907251,-0.44497385,-0.031106899,-0.010233402,0
2022-04-01,6194,16104,347526,0.064162106,-0.44443448,-0.028515852,0.0025910466,0
2022-04-02,3581,11669,223991,0.068083093,-0.53036066,-0.036108594,-0.0075927416,0
2022-04-03,3227,10995,201800,0.070475719,-0.54619603,-0.038493558,-0.0023849643,0
2022-04-04,3502,15491,325907,0.058277361,-0.63123256,-0.036786568,0.00170699,0
2022-04-05,4040,16086,342429,0.058774228,-0.59852927,-0.035178095,0.0016084726,0
2022-04-06,3915,16770,358744,0.057659501,-0.62146483,-0.035833352,-0.0006552566,0
2022-04-07,4121,17141,361189,0.058866688,-0.61236008,-0.036047609,-0.00021425751,0
2022-04-08,3484,15961,344498,0.05644445,-0.64165595,-0.036217917,-0.00017030766,0
2022-04-09,1771,11121,221965,0.058081229,-0.72525597,-0.042123758,-0.0059058412,0
2022-04-10,2232,10991,192679,0.068627095,-0.66240641,-0.045459028,-0.0033352695,0
2022-04-11,2622,14722,325625,0.053263724,-0.6976476,-0.037159309,0.0082997187,0
2022-04-12,2774,16018,351083,0.053525804,-0.70476799,-0.037723273,-0.00056396439,0
2022-04-13,3187,16257,347113,0.056016341,-0.67218679,-0.037653444,6.9829147e-05,0
2022-04-14,2286,15769,338583,0.053325182,-0.74677375,-0.039821846,-0.0021684015,0
2022-04-15,1634,12886,286621,0.050659233,-0.77493113,-0.039257417,0.00056442916,0
2022-04-16,1616,9295,202176,0.05396783,-0.70378517,-0.037981758,0.0012756581,0
2022-04-17,3557,8386,184221,0.064829743,-0.40433727,-0.026213081,0.011768677,0
2022-04-18,2380,11953,280605,0.051078919,-0.66789925,-0.034115572,-0.0079024907,0
2022-04-19,2938,15764,338946,0.055176931,-0.685809,-0.037840836,-0.0037252643,0
2022-04-20,3653,15357,353275,0.053810771,-0.61567596,-0.033129998,0.0047108381,0
2022-04-21,3523,14948,354960,0.052036849,-0.61853717,-0.032186725,0.00094327261,0
2022-04-22,3525,13652,332372,0.051680045,-0.58956744,-0.030468872,0.001717853,0
2022-04-23,2228,10735,218025,0.059456484,-0.65625241,-0.039018461,-0.008549589,0
2022-04-24,2888,8714,207563,0.055896282,-0.5021548,-0.028068586,0.010949875,0
2022-04-25,2904,11692,314070,0.046473716,-0.60208276,-0.027981023,8.7563066e-05,0
2022-04-26,4077,14605,355023,0.052621943,-0.56353709,-0.029654417,-0.0016733934,0
2022-04-27,2419,14109,361486,0.045722379,-0.70728461,-0.032338735,-0.0026843184,0
2022-04-28,2058,14885,360299,0.047024832,-0.75706782,-0.035600987,-0.0032622518,0
2022-04-29,2621,12983,343685,0.04540204,-0.6640605,-0.030149701,0.0054512859,0
2022-04-30,2332,10070,216369,0.057318747,-0.62393162,-0.035762979,-0.005613278,0
2022-05-01,1879,8702,188197,0.056223,-0.64483508,-0.036254563,-0.00049158405,0
2022-05-02,1898,12095,270111,0.051804628,-0.7287215,-0.037751147,-0.0014965837,0
2022-05-03,2432,13217,316283,0.049477841,-0.68918142,-0.034099209,0.0036519381,0
2022-05-04,2220,11647,315546,0.043946049,-0.67981539,-0.0298752,0.0042240082,0
2022-05-05,2558,12015,339716,0.042897597,-0.64893982,-0.027837959,0.0020372417,0
2022-05-06,2532,11449,328667,0.042538496,-0.63779415,-0.027130804,0.00070715464,0
2022-05-07,1669,8688,210121,0.049290647,-0.6777059,-0.033404562,-0.006273758,0
2022-05-08,1221,9739,187563,0.0584337,-0.77718978,-0.045414074,-0.012009512,0
2022-05-09,2449,14679,316210,0.054166535,-0.7140355,-0.038676829,0.0067372455,0
2022-05-10,2092,13251,344717,0.044508974,-0.72730235,-0.032371482,0.0063053472,0
2022-05-11,2298,12183,355962,0.040681309,-0.6826186,-0.027769818,0.0046016634,0
2022-05-12,2578,11923,356379,0.040689827,-0.64443831,-0.026222084,0.0015477343,0
2022-05-13,2841,10629,334329,0.040289655,-0.57817372,-0.02329442,0.0029276642,0
2022-05-14,2054,8410,210020,0.049823826,-0.6074159,-0.030263784,-0.0069693648,0
2022-05-15,1108,8817,188127,0.052756914,-0.77672544,-0.040977637,-0.010713853,0
2022-05-16,2110,11397,322256,0.041913882,-0.68756941,-0.028818703,0.012158934,0
2022-05-17,2500,10650,351298,0.037432607,-0.61977186,-0.023199677,0.0056190265,0
2022-05-18,2738,12059,355699,0.04159978,-0.62992498,-0.026204741,-0.0030050639,0
2022-05-19,2507,13429,345454,0.046130599,-0.68536647,-0.031616366,-0.0054116252,0
2022-05-20,1577,10018,334078,0.034707464,-0.7279862,-0.025266555,0.0063498112,0
2022-05-21,1379,7878,209408,0.04420557,-0.7020633,-0.031035108,-0.005768554,0
2022-05-22,1429,7365,188239,0.046717205,-0.67500569,-0.031534379,-0.00049927067,0
2022-05-23,2090,12999,317549,0.047517076,-0.722977,-0.034353753,-0.0028193741,0
2022-05-24,1967,12173,346990,0.040750454,-0.72178218,-0.029412951,0.0049408019,0
2022-05-25,2229,10039,352954,0.03475807,-0.63661559,-0.022127529,0.007285422,0
2022-05-26,2019,9460,338601,0.033901258,-0.6482272,-0.021975718,0.00015181163,0
2022-05-27,2280,8697,321489,0.034144248,-0.58458595,-0.019960247,0.0020154703,0
2022-05-28,1807,6679,199571,0.042521208,-0.57412208,-0.024412365,-0.004452117,0
2022-05-29,1584,6299,177459,0.044421528,-0.59812254,-0.026569517,-0.0021571529,0
2022-05-30,2263,8726,290681,0.037804328,-0.58813359,-0.022233995,0.0043355221,0
2022-05-31,2086,9589,330609,0.035313618,-0.64265525,-0.022694482,-0.00046048666,0
2022-06-01,2352,11008,349356,0.038241793,-0.64790419,-0.024777018,-0.0020825363,0
2022-06-02,1506,9585,338784,0.032737674,-0.72842846,-0.023847053,0.0009299653,0
2022-06-03,2426,10354,302121,0.042300932,-0.62034429,-0.026241142,-0.0023940888,0
2022-06-04,1685,6073,198531,0.039077021,-0.56560969,-0.022102342,0.0041388001,0
2022-06-05,1238,5368,177976,0.037117364,-0.62518922,-0.023205376,-0.0011030343,0
2022-06-06,1707,9366,297964,0.037162208,-0.69168247,-0.025704448,-0.0024990715,0
2022-06-07,2265,8817,332633,0.033315997,-0.59122902,-0.019697384,0.0060070633,0
2022-06-08,2694,9209,342004,0.034803687,-0.54734101,-0.019049485,0.0006478994,0
2022-06-09,1613,8509,342172,0.029581614,-0.68128828,-0.020153607,-0.0011041222,0
2022-06-10,1703,8922,324489,0.032743791,-0.67943529,-0.022247287,-0.0020936803,0
2022-06-11,1186,6882,202229,0.039895366,-0.70599901,-0.028166089,-0.0059188017,0
2022-06-12,1414,6072,187061,0.040019031,-0.62222816,-0.024900968,0.0032651208,0
2022-06-13,1169,7448,309089,0.027878702,-0.72867587,-0.020314537,0.0045864309,0
2022-06-14,1416,7836,344980,0.026818946,-0.69390402,-0.018609774,0.0017047628,0
2022-06-15,1587,9137,350509,0.030595505,-0.70402835,-0.021540103,-0.0029303286,0
2022-06-16,2378,9068,342247,0.033443682,-0.58448366,-0.019547286,0.0019928171,0
2022-06-17,2280,8567,327516,0.033118993,-0.57960726,-0.019196009,0.00035127728,0
2022-06-18,2005,5341,203639,0.03607364,-0.45412469,-0.016381931,0.002814078,0
2022-06-19,1063,5263,191407,0.033049993,-0.66392665,-0.021942771,-0.0055608404,0
2022-06-20,1298,7467,300689,0.029149719,-0.70382202,-0.020516214,0.0014265567,0
2022-06-21,1357,8003,330727,0.028301288,-0.71004274,-0.020095124,0.00042109065,0
2022-06-22,1647,8400,342014,0.02937599,-0.67214094,-0.019744806,0.000350318,0
2022-06-23,2278,8548,339349,0.03190226,-0.57916128,-0.018476554,0.0012682521,0
2022-06-24,1597,6897,319979,0.026545492,-0.62396986,-0.016563587,0.0019129667,0
2022-06-25,1059,5274,203761,0.031080531,-0.66556135,-0.020686,-0.0041224128,0
2022-06-26,1231,6763,183333,0.043603716,-0.69201901,-0.0301746,-0.0094886005,0
2022-06-27,1970,9559,308531,0.037367396,-0.6582531,-0.024597204,0.0055773961,0
2022-06-28,1500,9047,335644,0.031423175,-0.71555893,-0.022485133,0.0021120711,0
2022-06-29,1951,9954,339438,0.035072679,-0.67223856,-0.023577207,-0.001092074,0
2022-06-30,1476,9931,345960,0.03297202,-0.74121154,-0.024439242,-0.0008620345,0
2022-07-01,1252,7335,317063,0.027082946,-0.70839641,-0.019185462,0.00525378,0
2022-07-02,527,4085,191421,0.02409349,-0.77146574,-0.018587302,0.00059815923,0
2022-07-03,845,4761,175508,0.031941564,-0.69853728,-0.022312373,-0.0037250709,0
2022-07-04,1045,6444,271611,0.027572521,-0.72092402,-0.019877693,0.0024346805,0
2022-07-05,1069,7174,313541,0.026290023,-0.74062841,-0.019471138,0.00040655498,0
2022-07-06,1088,8369,326946,0.028925266,-0.76990589,-0.022269733,-0.0027985949,0
2022-07-07,1260,8369,331079,0.029083693,-0.73829058,-0.021472217,0.00079751602,0
2022-07-08,1840,7290,315489,0.028939202,-0.59693319,-0.01727477,0.0041974463,0
2022-07-09,759,4864,194187,0.028956624,-0.73003735,-0.021139417,-0.0038646469,0
2022-07-10,625,4682,170102,0.031198928,-0.76446203,-0.023850396,-0.0027109785,0
2022-07-11,1179,6389,290863,0.026019122,-0.68842495,-0.017912213,0.0059381827,0
2022-07-12,1363,6454,322289,0.024254629,-0.65127287,-0.015796382,0.0021158315,0
2022-07-13,2015,6615,327682,0.026336509,-0.53302433,-0.014038,0.0017583813,0
2022-07-14,2363,6751,329508,0.027659419,-0.4814571,-0.013316824,0.00072117639,0
2022-07-15,1173,6327,313185,0.023947507,-0.6872,-0.016456727,-0.003139903,0
2022-07-16,1015,5023,195079,0.030951563,-0.66379596,-0.020545523,-0.0040887957,0
2022-07-17,651,4477,174851,0.029327828,-0.74609984,-0.021881488,-0.0013359651,0
2022-07-18,1375,6684,297027,0.027132214,-0.6587666,-0.017873796,0.0040076917,0
2022-07-19,2015,6497,324463,0.026234116,-0.52655075,-0.013813594,0.0040602024,0
2022-07-20,1757,7107,326073,0.027184097,-0.60356498,-0.016407369,-0.0025937754,0
2022-07-21,1543,7027,326963,0.026210917,-0.63990665,-0.01677254,-0.00036517111,0
2022-07-22,1803,5820,304026,0.025073513,-0.52695789,-0.013212686,0.0035598543,0
2022-07-23,1120,3786,188203,0.026067597,-0.54341623,-0.014165555,-0.00095286952,0
2022-07-24,895,3648,166797,0.027236701,-0.60598723,-0.016505093,-0.0023395377,0
2022-07-25,1493,5856,291395,0.025220062,-0.59368622,-0.014972803,0.0015322898,0
2022-07-26,1339,6626,320916,0.024819579,-0.66377903,-0.016474716,-0.0015019129,0
2022-07-27,1047,6545,325681,0.023311154,-0.72418335,-0.01688155,-0.00040683361,0
2022-07-28,1272,7190,324137,0.026106245,-0.69936185,-0.018257712,-0.0013761623,0
2022-07-29,1112,6892,303231,0.026395718,-0.72213893,-0.019061376,-0.00080366363,0
2022-07-30,515,4325,186855,0.025902438,-0.78719008,-0.020390142,-0.0013287664,0
2022-07-31,410,3787,168632,0.024888515,-0.80462235,-0.020025855,0.00036428697,0
2022-08-01,1177,6690,287100,0.027401602,-0.70077539,-0.019202369,0.0008234866,0
2022-08-02,1090,6088,311578,0.02303757,-0.69629423,-0.016040927,0.0031614414,0
2022-08-03,1219,6527,318092,0.024351445,-0.68525691,-0.016686996,-0.00064606906,0
2022-08-04,1511,7280,320332,0.027443402,-0.65623934,-0.01800944,-0.001322444,0
2022-08-05,1140,5766,303936,0.022721889,-0.6698523,-0.01522031,0.0027891307,0
2022-08-06,651,4189,192105,0.025194555,-0.73099174,-0.018417012,-0.003196702,0
2022-08-07,578,4078,168473,0.027636476,-0.75171821,-0.020774842,-0.0023578307,0
2022-08-08,1280,6213,282167,0.026555196,-0.65834779,-0.017482555,0.0032922876,0
2022-08-09,841,5646,312403,0.020764845,-0.74071219,-0.015380774,0.0021017805,0
2022-08-10,831,5985,316066,0.021565116,-0.75616197,-0.016306721,-0.00092594656,0
2022-08-11,793,6199,310892,0.022490125,-0.77316934,-0.017388675,-0.0010819544,0
2022-08-12,613,5455,295605,0.020527393,-0.79795649,-0.016379967,0.0010087087,0
2022-08-13,487,3215,186485,0.019851463,-0.73689897,-0.014628522,0.0017514441,0
2022-08-14,388,2969,160372,0.020932582,-0.76884123,-0.016093832,-0.0014653094,0
2022-08-15,658,4190,253689,0.019110013,-0.72854785,-0.013922559,0.0021712731,0
2022-08-16,913,5880,304582,0.022302697,-0.73119388,-0.016307595,-0.0023850366,0
2022-08-17,688,4922,301311,0.018618637,-0.75472371,-0.014051926,0.0022556689,0
2022-08-18,1313,5272,310842,0.021184396,-0.60121488,-0.012736374,0.0013155523,0
2022-08-19,1092,5835,287179,0.024120844,-0.684712,-0.016515832,-0.0037794575,0
2022-08-20,453,4306,184959,0.025730027,-0.80962387,-0.020831644,-0.0043158122,0
2022-08-21,464,4357,157433,0.030622551,-0.80750882,-0.02472798,-0.0038963358,0
2022-08-22,1404,6174,278875,0.027173465,-0.62945368,-0.017104437,0.007623542,0
2022-08-23,1222,7359,310239,0.027659321,-0.71518471,-0.019781523,-0.0026770858,0
2022-08-24,1495,10336,312470,0.037862835,-0.74727411,-0.028293916,-0.0085123929,0
2022-08-25,1499,7398,316120,0.028144376,-0.66303248,-0.018660635,0.009633281,0
2022-08-26,1311,6634,298166,0.026646231,-0.66998112,-0.017852471,0.00080816376,0
2022-08-27,817,4240,183513,0.027556631,-0.67688353,-0.01865263,-0.00080015807,0
2022-08-28,660,3713,165444,0.026431904,-0.69814772,-0.018453374,0.00019925556,0
2022-08-29,904,5793,283308,0.023638584,-0.73002837,-0.017256837,0.0011965369,0
2022-08-30,716,6435,309740,0.023087105,-0.79974829,-0.018463873,-0.0012070358,0
2022-08-31,949,6970,317340,0.024954308,-0.76032327,-0.018973341,-0.00050946797,0
2022-09-01,917,6225,320567,0.022279274,-0.74320919,-0.016558161,0.0024151799,0
2022-09-02,895,5759,293251,0.02269046,-0.73098888,-0.016586474,-2.8312695e-05,0
2022-09-03,400,3808,181172,0.023226547,-0.80988593,-0.018810854,-0.0022243801,0
2022-09-04,477,3885,168850,0.02583358,-0.78129298,-0.020183595,-0.0013727411,0
2022-09-05,928,5788,265087,0.025335079,-0.72364503,-0.018333604,0.0018499912,0
2022-09-06,737,7513,307461,0.026832671,-0.82133333,-0.022038567,-0.0037049638,0
2022-09-07,850,6762,322285,0.023618847,-0.77666842,-0.018344012,0.0036945552,0
2022-09-08,585,5880,330214,0.019578213,-0.81902552,-0.016035056,0.0023089562,0
2022-09-09,585,4897,302233,0.018138324,-0.78657424,-0.014267138,0.0017679178,0
2022-09-10,372,3839,193173,0.021799113,-0.82331988,-0.017947643,-0.0036805045,0
2022-09-11,908,5161,168675,0.035980436,-0.70077443,-0.025214169,-0.0072665265,0
2022-09-12,1465,6794,281605,0.029328314,-0.6452355,-0.01892367,0.0062904996,0
2022-09-13,1675,7254,321534,0.027770003,-0.62481801,-0.017351198,0.001572472,0
2022-09-14,1603,7237,320704,0.027564358,-0.63733032,-0.017567601,-0.00021640358,0
2022-09-15,1377,7327,320866,0.027126589,-0.68359375,-0.018543566,-0.0009759652,0
2022-09-16,1349,7261,298083,0.028884572,-0.68664344,-0.019833402,-0.0012898356,0
2022-09-17,1274,4957,187196,0.033285968,-0.59107687,-0.019674566,0.00015883641,0
2022-09-18,697,3690,162340,0.027023531,-0.68224299,-0.018436615,0.0012379512,0
2022-09-19,969,5689,284847,0.023373952,-0.7089216,-0.016570299,0.0018663154,0
2022-09-20,1675,8518,308540,0.033036235,-0.67134308,-0.022178648,-0.0056083487,0
2022-09-21,1793,16325,307396,0.058940259,-0.80207528,-0.047274525,-0.025095878,0
2022-09-22,1879,12745,305478,0.047872515,-0.74302516,-0.035570483,0.011704042,0
2022-09-23,1617,10844,297175,0.041931522,-0.74047027,-0.031049045,0.0045214378,0
2022-09-24,814,7368,190854,0.042870466,-0.80102664,-0.034340386,-0.0032913407,0
2022-09-25,639,6610,172469,0.042030742,-0.82369982,-0.034620714,-0.0002803286,0
2022-09-26,993,8831,288492,0.034052937,-0.79784202,-0.027168864,0.0074518501,0
2022-09-27,1164,9279,302719,0.034497339,-0.77707555,-0.026807039,0.00036182543,0
2022-09-28,1139,8966,307736,0.032836587,-0.77456705,-0.025434138,0.0013729005,0
2022-09-29,1132,8102,322433,0.028638508,-0.75481915,-0.021616894,0.0038172443,0
2022-09-30,1969,9913,307481,0.038643038,-0.66857431,-0.025835743,-0.0042188486,0
2022-10-01,1111,6711,192306,0.040674758,-0.71592943,-0.029120256,-0.0032845136,0
2022-10-02,830,4661,166376,0.033003558,-0.69768712,-0.023026158,0.0060940986,0
2022-10-03,956,6617,275727,0.027465573,-0.7475241,-0.020531178,0.00249498,0
2022-10-04,1763,7479,295166,0.031311194,-0.61848085,-0.019365374,0.0011658035,0
2022-10-05,1459,7701,300221,0.030510857,-0.68144105,-0.02079135,-0.0014259763,0
2022-10-06,1174,7925,294110,0.030937404,-0.74194966,-0.022953997,-0.0021626464,0
2022-10-07,978,8907,281388,0.03512943,-0.80212443,-0.028178174,-0.0052241771,0
2022-10-08,619,5794,183911,0.034870127,-0.80695462,-0.028138611,3.9563386e-05,0
2022-10-09,840,5199,168561,0.035826793,-0.72180825,-0.025860074,0.0022785361,0
2022-10-10,1126,8428,276211,0.034589499,-0.76428721,-0.026436311,-0.00057623698,0
2022-10-11,2115,9926,311607,0.038641622,-0.64870027,-0.025066831,0.0013694804,0
2022-10-12,1615,8124,317454,0.030678461,-0.66834377,-0.020503758,0.004563073,0
2022-10-13,1947,7886,317869,0.030934127,-0.60398658,-0.018683797,0.0018199606,0
2022-10-14,1627,7142,292614,0.029967807,-0.62892006,-0.018847355,-0.00016355781,0
2022-10-15,723,4930,187582,0.030136154,-0.74420662,-0.022427525,-0.0035801698,0
2022-10-16,715,4245,167826,0.029554419,-0.71169355,-0.02103369,0.0013938354,0
2022-10-17,893,6430,293798,0.024925289,-0.75611088,-0.018846282,0.0021874075,0
2022-10-18,1602,6311,308645,0.025637869,-0.59509668,-0.01525701,0.0035892717,0
2022-10-19,1449,8477,322529,0.030775527,-0.70803949,-0.021790289,-0.0065332781,0
2022-10-20,1179,6815,321430,0.024870112,-0.70502877,-0.017534144,0.0042561443,0
2022-10-21,1396,6198,301790,0.025163193,-0.63234132,-0.015911727,0.0016224176,0
2022-10-22,703,4142,179589,0.026978267,-0.70980392,-0.01914928,-0.003237553,0
2022-10-23,541,4512,156398,0.032308597,-0.78586978,-0.02539035,-0.0062410705,0
2022-10-24,1233,6174,280361,0.026419509,-0.66707169,-0.017623707,0.0077666437,0
2022-10-25,1584,6771,312975,0.026695423,-0.62082585,-0.016573209,0.0010504979,0
2022-10-26,1425,6145,314064,0.024103367,-0.62351387,-0.015028784,0.0015444248,0
2022-10-27,1712,7052,311772,0.028110286,-0.60931082,-0.017127901,-0.0020991172,0
2022-10-28,1075,5599,296473,0.022511325,-0.67785436,-0.0152594,0.0018685015,0
2022-10-29,855,4180,177538,0.028360126,-0.66037736,-0.018728385,-0.0034689852,0
2022-10-30,1124,2983,162010,0.025350287,-0.45264183,-0.0114746,0.0072537846,0
2022-10-31,1127,4543,282128,0.020097261,-0.60246914,-0.012107979,-0.00063337902,0
2022-11-01,1114,5410,290922,0.022425255,-0.65849172,-0.014766845,-0.0026588654,0
2022-11-02,960,4786,302413,0.019000506,-0.66585451,-0.012651573,0.0021152722,0
2022-11-03,1340,5959,305585,0.023885335,-0.63282641,-0.015115271,-0.0024636982,0
2022-11-04,1747,5508,287557,0.025229781,-0.5184011,-0.013079146,0.0020361247,0
2022-11-05,1057,3592,162216,0.028659318,-0.54527855,-0.015627312,-0.0025481657,0
2022-11-06,1479,3904,166754,0.032281085,-0.45049229,-0.01454238,0.0010849319,0
2022-11-07,2249,5497,281263,0.02754006,-0.41931319,-0.011547911,0.0029944691,0
2022-11-08,2153,5571,306702,0.025184055,-0.44251683,-0.011144368,0.00040354253,0
2022-11-09,1674,5376,327495,0.021527046,-0.52510638,-0.011303989,-0.00015962122,0
2022-11-10,1823,6016,288809,0.027142506,-0.53488965,-0.014518246,-0.0032142562,0
2022-11-11,293,845,34797,0.032703969,-0.48506151,-0.015863437,-0.0013451909,0
2022-11-12,1402,4929,193140,0.032779331,-0.55709998,-0.018261365,-0.0023979283,0
2022-11-13,904,3715,165166,0.027965804,-0.60857328,-0.017019241,0.0012421236,0
2022-11-14,2562,6859,290251,0.032458114,-0.45610869,-0.014804428,0.0022148134,0
2022-11-15,3156,8379,316797,0.03641133,-0.45279584,-0.016486899,-0.0016824707,0
2022-11-16,1903,10669,320652,0.039207614,-0.69726376,-0.027338049,-0.01085115,0
2022-11-17,1774,6523,321268,0.02582579,-0.57237556,-0.014782051,0.012555998,0
2022-11-18,1648,4766,302368,0.021212562,-0.4861241,-0.010311938,0.0044701134,0
2022-11-19,1343,3591,190672,0.025876899,-0.45561411,-0.01178988,-0.0014779422,0
2022-11-20,1077,3298,170315,0.025687696,-0.50765714,-0.013040543,-0.0012506625,0
2022-11-21,1334,4646,284147,0.021045445,-0.55384615,-0.011655939,0.0013846039,0
2022-11-22,810,4752,304500,0.01826601,-0.70873786,-0.012945813,-0.0012898742,0
2022-11-23,999,5304,303719,0.020752735,-0.68300809,-0.014174286,-0.0012284733,0
2022-11-24,1417,4597,273705,0.021972562,-0.52876621,-0.011618348,0.0025559379,0
2022-11-25,1063,4648,261208,0.021863802,-0.62773595,-0.013724694,-0.0021063463,0
2022-11-26,779,2999,171364,0.022046638,-0.58761249,-0.01295488,0.00076981482,0
2022-11-27,626,3127,150557,0.024927436,-0.66640021,-0.016611649,-0.0036567691,0
2022-11-28,1132,4835,279657,0.021336852,-0.62057986,-0.01324122,0.0033704282,0
2022-11-29,1507,5786,308618,0.023631156,-0.586727,-0.013865037,-0.00062381654,0
2022-11-30,1049,5041,314152,0.01938552,-0.65550082,-0.012707225,0.0011578125,0
2022-12-01,1376,5444,312330,0.021835879,-0.59648094,-0.013024685,-0.0003174609,0
2022-12-02,2342,5590,292950,0.027076293,-0.40948058,-0.011087216,0.0019374692,0
2022-12-03,1488,3308,173559,0.027633254,-0.3794829,-0.010486348,0.00060086867,0
2022-12-04,1300,3285,156942,0.029214614,-0.43293348,-0.012647985,-0.002161637,0
2022-12-05,1203,5905,281428,0.025256904,-0.66150816,-0.016707648,-0.0040596635,0
2022-12-06,1436,5715,305719,0.023390761,-0.59837785,-0.013996513,0.002711135,0
2022-12-07,1122,6222,313894,0.023396433,-0.69444444,-0.016247523,-0.0022510099,0
2022-12-08,1689,4967,300585,0.022143487,-0.49248798,-0.010905401,0.0053421219,0
2022-12-09,1532,5145,288145,0.023172361,-0.54111128,-0.012538826,-0.0016334248,0
2022-12-10,892,3601,180220,0.02493064,-0.6029379,-0.015031628,-0.0024928021,0
2022-12-11,827,3033,155005,0.024902423,-0.57150259,-0.014231799,0.00079982904,0
2022-12-12,1300,4666,277006,0.02153744,-0.56419712,-0.012151361,0.0020804376,0
2022-12-13,1317,4479,306020,0.018939939,-0.54554865,-0.010332658,0.0018187033,0
2022-12-14,1257,4840,309803,0.019680248,-0.58766607,-0.011565414,-0.0012327562,0
2022-12-15,1272,5231,312359,0.020818994,-0.60879594,-0.012674519,-0.0011091046,0
2022-12-16,1437,5541,288582,0.024180302,-0.58813414,-0.014221261,-0.0015467425,0
2022-12-17,1022,3810,183832,0.026284869,-0.57698675,-0.015166021,-0.00094475995,0
2022-12-18,718,3375,162134,0.025244551,-0.6491571,-0.016387679,-0.0012216582,0
2022-12-19,1339,5459,268857,0.025284817,-0.60606061,-0.015324131,0.0010635479,0
2022-12-20,1236,5785,293918,0.023887615,-0.6479134,-0.015477106,-0.00015297444,0
2022-12-21,1515,6989,296605,0.028671128,-0.64369708,-0.018455522,-0.0029784158,0
2022-12-22,2120,7374,287838,0.032983831,-0.55340215,-0.018253323,0.0002021986,0
2022-12-23,1605,5199,261269,0.026042125,-0.52821869,-0.013755937,0.0044973857,0
2022-12-24,706,3603,167997,0.025649268,-0.67231376,-0.017244356,-0.0034884182,0
2022-12-25,1154,3944,132077,0.038598696,-0.54727344,-0.021124041,-0.0038796857,0
2022-12-26,1349,4265,191725,0.029281523,-0.51941575,-0.015209284,0.0059147571,0
2022-12-27,1434,4789,240831,0.025839697,-0.53912904,-0.013930931,0.0012783533,0
2022-12-28,1307,4564,254179,0.023097896,-0.55476069,-0.012813804,0.0011171264,0
2022-12-29,1072,4783,254727,0.022985392,-0.63381725,-0.014568538,-0.0017547336,0
2022-12-30,1352,5288,240408,0.027619713,-0.59277108,-0.016372167,-0.0018036292,0
2022-12-31,819,4673,169513,0.032398695,-0.701748,-0.022735719,-0.0063635521,0
2023-01-01,587,3669,140639,0.030261876,-0.72415414,-0.021914263,0.00082145663,0
2023-01-02,918,4471,196619,0.027408338,-0.65930599,-0.018070481,0.0038437813,0
2023-01-03,797,4612,259205,0.020867653,-0.70530597,-0.01471808,0.0033524012,0
2023-01-04,743,4400,281813,0.01824969,-0.71106358,-0.01297669,0.0017413901,0
2023-01-05,4168,5111,288347,0.032179978,-0.10162733,-0.0032703652,0.009706325,0
2023-01-06,4525,5125,262980,0.036694806,-0.062176166,-0.0022815423,0.0009888229,0
2023-01-07,2526,3984,180287,0.036109093,-0.22396313,-0.0080871056,-0.0058055632,0
2023-01-08,3104,5022,164972,0.049256844,-0.23603249,-0.011626215,-0.0035391098,0
2023-01-09,4340,7883,281757,0.043381353,-0.28986337,-0.012574665,-0.00094845005,0
2023-01-10,4043,8906,306052,0.042309804,-0.37555024,-0.015889457,-0.0033147913,0
2023-01-11,3538,8233,317953,0.037021195,-0.39886161,-0.014766333,0.0011231233,0
2023-01-12,3745,8059,312337,0.037792513,-0.36546933,-0.013812004,0.00095432905,0
2023-01-13,4149,9121,302127,0.043921927,-0.37467973,-0.016456656,-0.0026446513,0
2023-01-14,2708,6229,189573,0.047142789,-0.39398008,-0.01857332,-0.0021166644,0
2023-01-15,1744,4739,167911,0.03860974,-0.46197748,-0.01783683,0.00073648981,0
2023-01-16,2998,8065,264487,0.041828143,-0.4580132,-0.019157841,-0.0013210112,0
2023-01-17,4147,9787,303927,0.045846536,-0.40476532,-0.018557088,0.00060075368,0
2023-01-18,3765,8206,299365,0.039987975,-0.37097987,-0.014834734,0.0037223542,0
2023-01-19,4505,9448,316959,0.044021466,-0.35426073,-0.015595077,-0.00076034345,0
2023-01-20,4270,10583,298873,0.049696694,-0.42503198,-0.021122684,-0.0055276073,0
2023-01-21,2679,6781,193080,0.048995235,-0.43361522,-0.02124508,-0.00012239554,0
2023-01-22,2590,7016,174705,0.054984116,-0.4607537,-0.025334135,-0.0040890549,0
2023-01-23,4284,10031,274233,0.052200136,-0.40146699,-0.020956632,0.0043775029,0
2023-01-24,4101,10192,301603,0.047390112,-0.42615266,-0.020195422,0.00076120931,0
2023-01-25,4120,11223,302883,0.050656524,-0.46294727,-0.0234513,-0.0032558772,0
2023-01-26,3898,10402,302079,0.04733861,-0.45482517,-0.021530792,0.0019205081,0
2023-01-27,3770,9220,284523,0.04565536,-0.4195535,-0.019154866,0.0023759254,0
2023-01-28,2823,6347,189050,0.048505686,-0.38429662,-0.018640571,0.00051429494,0
2023-01-29,2969,6138,173510,0.052486888,-0.34797409,-0.018264077,0.00037649428,0
2023-01-30,4405,10754,285136,0.053164104,-0.4188271,-0.022266568,-0.0040024905,0
2023-01-31,4199,10472,318363,0.046082616,-0.42757822,-0.019703923,0.0025626447,0
2023-02-01,4305,9908,327450,0.0434051,-0.39421656,-0.017111009,0.0025929136,0
2023-02-02,3685,10515,319333,0.044467687,-0.48098592,-0.021388331,-0.004277322,0
2023-02-03,5214,10851,299673,0.053608433,-0.35088702,-0.018810503,0.0025778279,0
2023-02-04,2928,6513,186889,0.050516617,-0.37972672,-0.019182509,-0.00037200596,0
2023-02-05,2803,6070,168644,0.05261379,-0.36819565,-0.019372169,-0.00018965919,0
2023-02-06,3879,8365,290263,0.042182435,-0.36638353,-0.015454949,0.0039172191,0
2023-02-07,3539,9115,310033,0.04081501,-0.44065118,-0.017985182,-0.0025302327,0
2023-02-08,3706,10624,317887,0.045078912,-0.48276343,-0.02176245,-0.003777268,0
2023-02-09,3411,9572,318267,0.040792793,-0.47454363,-0.01935796,0.0024044897,0
2023-02-10,3233,8934,301177,0.040398171,-0.46856251,-0.018929068,0.00042889217,0
2023-02-11,2869,6105,186318,0.048164965,-0.36059728,-0.017368156,0.0015609128,0
2023-02-12,2480,5553,167956,0.047828003,-0.38254699,-0.018296459,-0.00092830308,0
2023-02-13,4112,9146,285171,0.046491403,-0.37969528,-0.017652566,0.00064389224,0
2023-02-14,3775,9421,314457,0.041964402,-0.42785693,-0.01795476,-0.00030219376,0
2023-02-15,2731,8909,312198,0.037284031,-0.53075601,-0.019788724,-0.0018339637,0
2023-02-16,4412,10986,315298,0.048836339,-0.42693856,-0.020850116,-0.0010613926,0
2023-02-17,4561,10297,302132,0.049177181,-0.38605465,-0.018985079,0.001865037,0
2023-02-18,3451,8481,187706,0.063567494,-0.42155548,-0.026797225,-0.0078121461,0
2023-02-19,3386,7589,169363,0.064801639,-0.38296128,-0.024816518,0.0019807071,0
2023-02-20,5865,13858,269768,0.073110969,-0.40526289,-0.029629163,-0.0048126445,0
2023-02-21,5919,17282,298605,0.077697962,-0.48976337,-0.038053616,-0.0084244531,0
2023-02-22,4460,12899,312263,0.05559096,-0.48614552,-0.027025296,0.01102832,0
2023-02-23,4729,15233,309921,0.064409963,-0.52619978,-0.033892508,-0.0068672121,0
2023-02-24,7039,21028,296070,0.094798527,-0.49841451,-0.047248961,-0.013356453,0
2023-02-25,4479,10814,188727,0.081032391,-0.41424181,-0.033567004,0.013681957,0
2023-02-26,2426,6586,167176,0.053907259,-0.46160675,-0.024883955,0.0086830496,0
2023-02-27,2345,6881,276826,0.033327794,-0.49165402,-0.016385744,0.0084982105,0
2023-02-28,4278,9707,316974,0.044120338,-0.38820164,-0.017127588,-0.00074184364,0
2023-03-01,4469,9309,321560,0.042847369,-0.35128466,-0.015051623,0.0020759644,0
2023-03-02,3765,9217,314858,0.041231285,-0.41996611,-0.017315742,-0.002264119,0
2023-03-03,3264,7630,298879,0.036449533,-0.40077107,-0.014607918,0.0027078241,0
2023-03-04,3012,6117,187888,0.048587456,-0.34012488,-0.016525803,-0.0019178844,0
2023-03-05,2832,5593,171832,0.049030448,-0.32771513,-0.01606802,0.00045778268,0
2023-03-06,3860,8476,286181,0.043105587,-0.37418936,-0.016129652,-6.1632287e-05,0
2023-03-07,4174,8851,317599,0.041010834,-0.35907869,-0.014726117,0.0014035353,0
2023-03-08,2890,7829,296557,0.036144822,-0.46077059,-0.016654471,-0.0019283543,0
2023-03-09,3535,8193,313880,0.037364598,-0.39716917,-0.014840066,0.0018144049,0
2023-03-10,2792,6860,309433,0.031192536,-0.42146705,-0.013146626,0.00169344,0
2023-03-11,2630,5296,190449,0.041617441,-0.33636134,-0.013998498,-0.00085187204,0
2023-03-12,2400,4884,178272,0.040858912,-0.34102142,-0.013933764,6.473415e-05,0
2023-03-13,3894,8177,301583,0.040025466,-0.35481733,-0.014201729,-0.00026796474,0
2023-03-14,3471,8123,300704,0.038556188,-0.40124202,-0.015470363,-0.001268634,0
2023-03-15,2810,8341,319310,0.034922176,-0.49600933,-0.017321725,-0.0018513621,0
2023-03-16,3819,8678,321815,0.03883287,-0.38881332,-0.015098737,0.0022229881,0
2023-03-17,4121,8783,300657,0.04291934,-0.36128332,-0.015506042,-0.00040730492,0
2023-03-18,3008,6719,190804,0.050979015,-0.38151537,-0.019449278,-0.003943236,0
2023-03-19,2980,5890,173702,0.051064467,-0.32807215,-0.01675283,0.0026964482,0
2023-03-20,5377,8868,293350,0.048559741,-0.24506845,-0.01190046,0.0048523694,0
2023-03-21,4835,8055,282625,0.045608138,-0.24980605,-0.011393189,0.00050727135,0
2023-03-22,542,1118,70536,0.023534082,-0.34698795,-0.0081660429,0.003227146,0
2023-03-23,,,,,,,,
2023-03-24,362,1561,114693,0.016766498,-0.62350494,-0.010453995,,0
2023-03-25,1980,5774,303358,0.025560559,-0.48929585,-0.012506675,-0.0020526807,0
2023-03-26,3228,7648,275351,0.039498676,-0.40639941,-0.016052239,-0.0035455635,0
2023-03-27,1542,4276,200122,0.029072266,-0.46992094,-0.013661666,0.0023905724,0
2023-03-28,733,2859,161399,0.022255404,-0.59187082,-0.013172324,0.0004893419,0
2023-03-29,1574,3923,185071,0.029702114,-0.42732399,-0.012692426,0.00047989834,0
2023-03-30,1818,4712,198190,0.032948181,-0.4431853,-0.014602149,-0.0019097233,0
2023-03-31,2525,5111,204585,0.03732434,-0.33865898,-0.012640223,0.0019619266,0
2023-04-01,1113,2833,124010,0.031820015,-0.43588444,-0.013869849,-0.0012296263,0
2023-04-02,1379,3431,133210,0.0361084,-0.42661123,-0.015404249,-0.0015343997,0
2023-04-03,1781,4654,159996,0.040219755,-0.44646465,-0.017956699,-0.00255245,0
2023-04-04,1519,4490,177020,0.033945317,-0.49442503,-0.016783414,0.0011732846,0
2023-04-05,1830,4247,174801,0.034765247,-0.39772914,-0.013827152,0.0029562623,0
2023-04-06,1993,3416,142578,0.037937129,-0.26308005,-0.0099805019,0.0038466501,0
2023-04-07,1702,3461,155735,0.033152471,-0.3406934,-0.011294828,-0.0013143259,0
2023-04-08,1515,3169,130472,0.035900423,-0.35311699,-0.012677049,-0.0013822217,0
2023-04-09,1025,2393,102382,0.033384775,-0.40023406,-0.013361724,-0.00068467426,0
2023-04-10,2009,4191,180359,0.034375884,-0.35193548,-0.012098093,0.0012636305,0
2023-04-11,1788,4545,175407,0.036104602,-0.4353387,-0.015717731,-0.0036196375,0
2023-04-12,1687,4471,181297,0.033966365,-0.45209484,-0.015356018,0.00036171274,0
2023-04-13,2066,4917,207376,0.033673135,-0.40827724,-0.013747975,0.0016080433,0
2023-04-14,1553,3951,154674,0.03558452,-0.43568314,-0.015503575,-0.0017556006,0
2023-04-15,1311,3207,130206,0.034698862,-0.41965471,-0.014561541,0.00094203432,0
2023-04-16,1144,2722,99152,0.038990641,-0.40817382,-0.015914959,-0.0013534179,0
2023-04-17,1305,3647,181639,0.027262868,-0.47294023,-0.012893707,0.0030212521,0
2023-04-18,759,2517,158147,0.020714904,-0.53663004,-0.01111624,0.0017774668,0
2023-04-19,440,2477,158844,0.018363929,-0.69832019,-0.012823903,-0.0017076627,0
2023-04-20,498,2179,173833,0.015399838,-0.62794173,-0.0096702007,0.003153702,0
2023-04-21,423,2051,150746,0.016411712,-0.65804365,-0.010799623,-0.0011294225,0
2023-04-22,464,2185,143815,0.018419497,-0.64967912,-0.011966763,-0.0011671396,0
2023-04-23,689,1986,115998,0.023060742,-0.48485981,-0.011181227,0.00078553559,0
2023-04-24,670,3023,191834,0.019251019,-0.63715137,-0.012265813,-0.0010845859,0
2023-04-25,682,3257,208250,0.018914766,-0.65371922,-0.012364946,-9.9132827e-05,0
2023-04-26,1396,3790,246855,0.021008284,-0.46162746,-0.0096980009,0.0026669451,0
2023-04-27,979,2809,217849,0.017388191,-0.48310454,-0.008400314,0.0012976869,0
2023-04-28,808,2645,182743,0.018895389,-0.53200116,-0.010052369,-0.0016520546,0
2023-04-29,717,3156,190655,0.02031418,-0.62974438,-0.012792741,-0.0027403722,0
2023-04-30,406,2124,135077,0.018730058,-0.67905138,-0.012718672,7.4069242e-05,0
2023-05-01,351,1770,123206,0.017215071,-0.66902405,-0.011517296,0.0012013753,0
2023-05-02,607,2800,222971,0.015280014,-0.64367479,-0.0098353598,0.0016819365,0
2023-05-03,652,3145,214717,0.017683742,-0.65657098,-0.011610632,-0.0017752719,0
2023-05-04,558,2423,158442,0.018814456,-0.62562898,-0.011770869,-0.00016023717,0
2023-05-05,856,2567,225937,0.015150241,-0.49985393,-0.0075729075,0.0041979613,0
2023-05-06,268,1488,118826,0.014777911,-0.69476082,-0.010267113,-0.0026942058,0
2023-05-07,367,1906,139368,0.016309339,-0.67707875,-0.011042707,-0.00077559382,0
2023-05-08,376,2348,159481,0.017080405,-0.72393539,-0.012365109,-0.0013224022,0
2023-05-09,690,2483,175039,0.018127389,-0.56508037,-0.010243431,0.0021216779,0
2023-05-10,704,2697,204332,0.016644481,-0.58600412,-0.0097537341,0.00048969734,0
2023-05-11,926,3570,229854,0.019560243,-0.58807829,-0.011502954,-0.0017492199,0
2023-05-12,974,3464,229639,0.019325986,-0.56106354,-0.010843106,0.00065984813,0
2023-05-13,949,4053,181160,0.027610952,-0.62055178,-0.017134025,-0.0062909193,0
2023-05-14,970,3778,155909,0.030453662,-0.59140691,-0.018010506,-0.00087648096,0
2023-05-15,1353,3293,182377,0.025474703,-0.4175635,-0.010637306,0.0073731999,0
2023-05-16,622,2573,182404,0.017516063,-0.61064163,-0.010696037,-5.8731128e-05,0
2023-05-17,1073,3443,251305,0.017970196,-0.52480071,-0.0094307714,0.001265266,0
2023-05-18,1352,3609,239021,0.020755498,-0.4549486,-0.009442685,-1.1913579e-05,0
2023-05-19,1076,3779,199360,0.024352929,-0.55674562,-0.013558387,-0.0041157019,0
2023-05-20,631,2853,121525,0.028668998,-0.63777268,-0.018284304,-0.0047259168,0
2023-05-21,1190,4036,162368,0.032186145,-0.54458477,-0.017528084,0.00075621929,0
2023-05-22,846,2476,170934,0.019434402,-0.49066827,-0.0095358442,0.0079922401,0
2023-05-23,644,2671,188497,0.017586487,-0.61146305,-0.010753487,-0.0012176425,0
2023-05-24,652,2929,198932,0.018001126,-0.63585591,-0.011446122,-0.0006926355,0
2023-05-25,423,2408,188604,0.015010286,-0.70116567,-0.010524697,0.00092142504,0
2023-05-26,1071,2841,220047,0.01777802,-0.45245399,-0.0080437361,0.0024809611,0
2023-05-27,590,1443,111903,0.01816752,-0.41957698,-0.0076226732,0.0004210629,0
2023-05-28,502,2370,145487,0.019740595,-0.65041783,-0.012839635,-0.0052169619,0
2023-05-29,622,2675,184271,0.017892126,-0.62268729,-0.0111412,0.0016984355,0
2023-05-30,583,3093,227955,0.01612599,-0.6828074,-0.011010945,0.0001302545,0
2023-05-31,540,2568,206794,0.01502945,-0.65250965,-0.0098068609,0.0012040842,0
2023-06-01,637,2939,198164,0.018045659,-0.64373602,-0.011616641,-0.0018097798,0
2023-06-02,1143,2647,172863,0.021924877,-0.39683377,-0.0087005316,0.0029161091,0
2023-06-03,761,2255,154690,0.019497059,-0.49535809,-0.0096580257,-0.00095749409,0
2023-06-04,371,1980,108042,0.021760056,-0.68438962,-0.014892357,-0.0052343309,0
2023-06-05,547,3146,191281,0.019306674,-0.70376388,-0.01358734,0.0013050166,0
2023-06-06,495,3755,184942,0.022980178,-0.76705882,-0.017627148,-0.0040398079,0
2023-06-07,450,2705,172887,0.018248914,-0.71473851,-0.013043202,0.0045839463,0
2023-06-08,601,3020,219702,0.016481416,-0.6680475,-0.011010369,0.002032833,0
2023-06-09,532,3011,198525,0.017846619,-0.69968953,-0.012487092,-0.0014767237,0
2023-06-10,558,2305,130169,0.021994484,-0.61019909,-0.013421014,-0.00093392191,0
2023-06-11,448,1930,130689,0.01819587,-0.62321278,-0.011339899,0.0020811157,0
2023-06-12,752,3492,196856,0.021558906,-0.64561734,-0.013918804,-0.0025789051,0
2023-06-13,658,3300,228058,0.017355234,-0.66750884,-0.011584772,0.0023340313,0
2023-06-14,673,2560,176548,0.0183123,-0.58366842,-0.010688311,0.0008964609,0
2023-06-15,715,3031,239043,0.015670821,-0.61825948,-0.0096886334,0.00099967797,0
2023-06-16,966,2570,190866,0.018526086,-0.45361991,-0.0084038016,0.0012848318,0
2023-06-17,1187,2534,184671,0.020149347,-0.36199946,-0.0072940527,0.001109749,0
2023-06-18,913,2305,141469,0.022747033,-0.43256681,-0.0098396115,-0.0025455588,0
2023-06-19,979,3062,215961,0.018711712,-0.51546647,-0.00964526,0.00019435148,0
2023-06-20,994,3519,248094,0.018190686,-0.55949479,-0.010177594,-0.00053233395,0
2023-06-21,482,2368,191505,0.014882118,-0.66175439,-0.0098483068,0.00032928714,0
2023-06-22,625,2880,217436,0.016119686,-0.64336662,-0.010370868,-0.00052256092,0
2023-06-23,413,2198,164286,0.015893016,-0.68364611,-0.010865198,-0.00049433075,0
2023-06-24,695,5064,150571,0.038247737,-0.75863865,-0.029016212,-0.018151013,0
2023-06-25,971,2794,115605,0.032567796,-0.48419655,-0.015769214,0.013246997,0
2023-06-26,1024,3633,186551,0.024963683,-0.56023191,-0.013985452,0.0017837624,0
2023-06-27,782,2894,205058,0.017926635,-0.57453754,-0.010299525,0.0036859267,0
2023-06-28,559,1966,156133,0.01617211,-0.55722772,-0.0090115478,0.0012879772,0
2023-06-29,605,2371,173541,0.017148685,-0.59341398,-0.01017627,-0.0011647217,0
2023-06-30,521,1439,137220,0.014283632,-0.46836735,-0.0066899869,0.0034862827,0
2023-07-01,673,1443,105350,0.02008543,-0.36389414,-0.0073089701,-0.00061898322,0
2023-07-02,341,1371,113633,0.015066046,-0.60163551,-0.0090642683,-0.0017552982,0
2023-07-03,457,2185,152277,0.017349961,-0.65404996,-0.011347741,-0.002283473,0
2023-07-04,296,2287,170177,0.015178314,-0.77080914,-0.011699583,-0.00035184209,0
2023-07-05,397,2408,204654,0.01370606,-0.71693405,-0.009826341,0.0018732423,0
2023-07-06,448,2228,169344,0.015802154,-0.6651719,-0.010511149,-0.00068480786,0
2023-07-07,888,2486,169874,0.01986178,-0.47362181,-0.0094069722,0.0011041767,0
2023-07-08,750,2622,121211,0.027819257,-0.55516014,-0.015444143,-0.0060371706,0
2023-07-09,497,1940,105312,0.023140763,-0.59212146,-0.013702142,0.0017420007,0
2023-07-10,695,2335,121427,0.024953264,-0.54125413,-0.013506057,0.00019608507,0
2023-07-11,1134,3003,180749,0.022888093,-0.45177665,-0.010340306,0.003165751,0
2023-07-12,1206,3305,221146,0.020398289,-0.46530703,-0.0094914672,0.00084883899,0
2023-07-13,772,2744,201517,0.01744766,-0.56086462,-0.0097857749,-0.00029430772,0
2023-07-14,930,2938,250255,0.015456235,-0.51913133,-0.0080238157,0.0017619592,0
2023-07-15,536,1920,150412,0.016328484,-0.56351792,-0.0092013935,-0.0011775778,0
2023-07-16,578,2076,129567,0.020483611,-0.56443105,-0.011561586,-0.0023601924,0
2023-07-17,568,2367,168993,0.017367583,-0.61294719,-0.010645411,0.00091617455,0
2023-07-18,682,2765,215063,0.016027862,-0.60429359,-0.009685534,0.00095987734,0
2023-07-19,503,2180,168726,0.015901521,-0.62504659,-0.0099391914,-0.00025365735,0
2023-07-20,589,2762,234158,0.01431085,-0.64846315,-0.0092800588,0.00065913259,0
2023-07-21,329,1800,153281,0.013889523,-0.69093471,-0.0095967537,-0.00031669491,0
2023-07-22,349,1540,119347,0.015827796,-0.63049232,-0.009979304,-0.00038255037,0
2023-07-23,287,2132,134265,0.018016609,-0.76271186,-0.013741481,-0.0037621774,0
2023-07-24,281,1900,178910,0.012190487,-0.74232004,-0.0090492426,0.0046922388,0
2023-07-25,332,1618,162431,0.012005098,-0.65948718,-0.0079172079,0.0011320347,0
2023-07-26,491,1917,184012,0.013086103,-0.59219269,-0.0077494946,0.00016771332,0
2023-07-27,639,2574,193166,0.016633362,-0.6022409,-0.010017291,-0.0022677962,0
2023-07-28,741,2157,177866,0.016293165,-0.48861284,-0.0079610493,0.0020562415,0
2023-07-29,500,1239,114536,0.015182999,-0.42495687,-0.0064521199,0.0015089295,0
2023-07-30,794,1967,131652,0.020971956,-0.42484607,-0.0089098532,-0.0024577334,0
2023-07-31,724,2052,170551,0.016276656,-0.47838617,-0.0077865272,0.0011233261,0
2023-08-01,427,1388,160689,0.01129511,-0.52947658,-0.0059804965,0.0018060307,0
2023-08-02,418,1537,163431,0.011962235,-0.57237852,-0.0068469262,-0.00086642974,0
2023-08-03,362,1858,171686,0.012930583,-0.67387387,-0.0087135818,-0.0018666555,0
2023-08-04,524,1877,188801,0.012717094,-0.5635152,-0.0071662756,0.0015473062,0
2023-08-05,477,1417,118097,0.016037664,-0.49630412,-0.0079595587,-0.00079328307,0
2023-08-06,735,1954,128373,0.020946772,-0.45332837,-0.0094957662,-0.0015362076,0
2023-08-07,781,1847,152833,0.017195239,-0.40563166,-0.0069749334,0.0025208328,0
2023-08-08,548,1683,159650,0.013974319,-0.50874048,-0.0071093016,-0.00013436817,0
2023-08-09,463,1925,200807,0.011892016,-0.61222781,-0.0072806227,-0.00017132109,0
2023-08-10,365,1965,165572,0.014072428,-0.68669528,-0.0096634697,-0.002382847,0
2023-08-11,216,1249,119826,0.012226061,-0.70511945,-0.0086208335,0.0010426361,0
2023-08-12,362,1514,136369,0.013756792,-0.61407249,-0.0084476677,0.00017316582,0
2023-08-13,333,1582,139259,0.013751355,-0.65221932,-0.0089688997,-0.00052123195,0
2023-08-14,337,2078,180452,0.01338306,-0.72091097,-0.009647995,-0.00067909536,0
2023-08-15,427,2110,206681,0.012274955,-0.66338195,-0.0081429836,0.0015050114,0
2023-08-16,385,1765,156746,0.013716458,-0.64186047,-0.0088040524,-0.00066106878,0
2023-08-17,658,1918,176620,0.014584985,-0.48913043,-0.0071339599,0.0016700925,0
2023-08-18,500,1894,172620,0.013868613,-0.58228906,-0.0080755417,-0.00094158174,0
2023-08-19,449,1695,128668,0.01666304,-0.58115672,-0.0096838375,-0.0016082958,0
2023-08-20,370,1423,106747,0.016796725,-0.58728388,-0.0098644458,-0.00018060837,0
2023-08-21,412,1764,137610,0.015812804,-0.62132353,-0.0098248674,3.957846e-05,0
2023-08-22,475,1825,188326,0.012212865,-0.58695652,-0.0071684207,0.0026564467,0
2023-08-23,535,2165,183569,0.014708366,-0.6037037,-0.0088794949,-0.0017110742,0
2023-08-24,681,3364,201967,0.020028024,-0.66328801,-0.013284348,-0.0044048535,0
2023-08-25,582,2621,239086,0.013396853,-0.6365907,-0.008528312,0.0047560364,0
2023-08-26,375,1652,135192,0.014993491,-0.62999507,-0.0094458252,-0.00091751321,0
2023-08-27,201,1173,109762,0.012517993,-0.70742358,-0.0088555238,0.00059030143,0
2023-08-28,437,1793,177593,0.012556801,-0.60807175,-0.0076354361,0.0012200877,0
2023-08-29,382,1891,194634,0.01167833,-0.66388033,-0.0077530133,-0.00011757727,0
2023-08-30,505,2048,202820,0.012587516,-0.604387,-0.007607731,0.00014528236,0
2023-08-31,604,1998,215682,0.012064057,-0.53574174,-0.006463219,0.001144512,0
2023-09-01,454,1818,178650,0.012717604,-0.60035211,-0.0076350406,-0.0011718216,0
2023-09-02,238,1713,135276,0.014422366,-0.75602255,-0.010903634,-0.0032685935,0
2023-09-03,459,2019,133756,0.018526272,-0.62953995,-0.011663028,-0.00075939415,0
2023-09-04,1469,2803,174166,0.024528324,-0.31226592,-0.0076593595,0.0040036687,0
2023-09-05,724,1543,132026,0.01717086,-0.3612704,-0.0062033236,0.0014560359,0
2023-09-06,696,2694,211743,0.016009974,-0.58938053,-0.0094359672,-0.0032326436,0
2023-09-07,532,2438,207516,0.014312149,-0.64175084,-0.0091848339,0.00025113325,0
2023-09-08,613,2173,175239,0.015898287,-0.55994257,-0.008902128,0.00028270599,0
2023-09-09,797,2367,140091,0.02258532,-0.49620733,-0.011207001,-0.0023048732,0
2023-09-10,550,1807,102947,0.022895276,-0.53330505,-0.012210166,-0.0010031652,0
2023-09-11,973,2716,222270,0.016596932,-0.47248577,-0.007841814,0.0043683524,0
2023-09-12,1213,2827,236057,0.01711451,-0.39950495,-0.0068373317,0.0010044823,0
2023-09-13,731,1910,161821,0.016320502,-0.44642181,-0.0072858282,-0.00044849651,0
2023-09-14,460,1909,179699,0.013183156,-0.61165049,-0.0080634839,-0.00077765577,0
2023-09-15,588,1814,182186,0.013184328,-0.51040799,-0.0067293865,0.0013340975,0
2023-09-16,431,1617,144765,0.014147066,-0.57910156,-0.008192588,-0.0014632015,0
2023-09-17,487,2170,163555,0.0162453,-0.63342115,-0.010290116,-0.0020975285,0
2023-09-18,857,2641,181688,0.019252785,-0.51000572,-0.0098190304,0.00047108605,0
2023-09-19,767,2485,167576,0.01940612,-0.52829028,-0.010252065,-0.00043303431,0
2023-09-20,1017,2588,190494,0.018924481,-0.43578363,-0.0082469789,0.0020050858,0
2023-09-21,735,2368,171085,0.018137183,-0.5262649,-0.009544963,-0.0012979841,0
2023-09-22,583,2549,178163,0.017579408,-0.62771392,-0.011034839,-0.0014898759,0
2023-09-23,366,1413,124795,0.014255379,-0.58853288,-0.0083897592,0.0026450797,0
2023-09-24,411,1359,142852,0.012390446,-0.53559322,-0.0066362389,0.0017535203,0
2023-09-25,445,1833,173426,0.013135285,-0.60930641,-0.0080034136,-0.0013671747,0
2023-09-26,457,1768,182311,0.01220442,-0.58921348,-0.0071910088,0.00081240479,0
2023-09-27,425,1469,154549,0.012255013,-0.55121436,-0.0067551391,0.00043586962,0
2023-09-28,576,1820,199824,0.011990552,-0.51919866,-0.0062254784,0.00052966073,0
2023-09-29,372,1527,160465,0.011834356,-0.60821485,-0.0071978313,-0.00097235288,0
2023-09-30,638,1733,149281,0.015882798,-0.46183045,-0.0073351599,-0.00013732856,0
2023-10-01,745,1920,135610,0.019651943,-0.44090056,-0.0086645528,-0.0013293929,0
2023-10-02,588,1808,154452,0.01551291,-0.50918197,-0.0078988942,0.00076565861,0
2023-10-03,585,1729,171328,0.013506257,-0.49438202,-0.0066772507,0.0012216435,0
2023-10-04,465,1718,186699,0.011692618,-0.57398076,-0.0067113375,-3.4086847e-05,0
2023-10-05,634,2331,216375,0.013703062,-0.57234401,-0.0078428654,-0.0011315279,0
2023-10-06,483,2000,173083,0.014345719,-0.61095449,-0.0087645812,-0.00092171576,0
2023-10-07,266,870,91076,0.012473099,-0.53169014,-0.006631824,0.0021327572,0
2023-10-08,189,781,91899,0.010555066,-0.61030928,-0.0064418546,0.00018996933,0
2023-10-09,397,1142,115533,0.013320869,-0.48408057,-0.0064483741,-6.5194129e-06,0
2023-10-10,408,1444,126608,0.014627828,-0.55939525,-0.0081827373,-0.0017343632,0
2023-10-11,307,1496,130540,0.013811858,-0.65945646,-0.0091083193,-0.00092558202,0
2023-10-12,298,1769,169262,0.012211837,-0.71165941,-0.0086906689,0.00041765039,0
2023-10-13,318,1519,146885,0.012506383,-0.65378334,-0.0081764646,0.00051420432,0
2023-10-14,185,867,95863,0.010973994,-0.64828897,-0.0071143194,0.0010621452,0
2023-10-15,152,918,78624,0.013609076,-0.71588785,-0.0097425722,-0.0026282528,0
2023-10-16,398,1489,132815,0.014207733,-0.5781664,-0.0082144336,0.0015281386,0
2023-10-17,705,2470,187328,0.016948881,-0.55590551,-0.0094219764,-0.0012075428,0
2023-10-18,559,1923,169905,0.014608163,-0.54955681,-0.0080280157,0.0013939608,0
2023-10-19,459,1675,176409,0.012096888,-0.56982193,-0.0068930723,0.0011349433,0
2023-10-20,376,1586,114128,0.017191224,-0.61671764,-0.010602131,-0.0037090586,0
2023-10-21,419,1105,119189,0.012786415,-0.45013123,-0.0057555647,0.0048465662,0
2023-10-22,231,942,84977,0.013803735,-0.60613811,-0.0083669699,-0.0026114052,0
2023-10-23,469,1608,158369,0.01311494,-0.5483871,-0.0071920641,0.0011749058,0
2023-10-24,438,1748,177655,0.012304748,-0.59926807,-0.0073738426,-0.00018177846,0
2023-10-25,572,1737,215109,0.010734093,-0.50454742,-0.0054158589,0.0019579836,0
2023-10-26,453,1514,170559,0.011532666,-0.5394001,-0.0062207213,-0.00080486234,0
2023-10-27,489,1465,170450,0.011463772,-0.49948823,-0.0057260194,0.00049470191,0
2023-10-28,421,1408,146274,0.012503931,-0.53963915,-0.0067476106,-0.0010215913,0
2023-10-29,312,868,110515,0.010677284,-0.47118644,-0.0050309913,0.0017166194,0
2023-10-30,386,999,129977,0.010655731,-0.44259928,-0.004716219,0.00031477224,0
2023-10-31,427,1426,169323,0.010943581,-0.53912574,-0.0058999663,-0.0011837473,0
2023-11-01,338,1170,147785,0.010204013,-0.55172414,-0.0056298,0.00027016629,0
2023-11-02,451,1495,166904,0.011659397,-0.5364851,-0.0062550927,-0.0006252927,0
2023-11-03,432,1194,152405,0.010668941,-0.46863469,-0.004999836,0.0012552568,0
2023-11-04,612,853,101032,0.014500356,-0.16450512,-0.0023853828,0.0026144531,0
2023-11-05,566,1129,127561,0.01328776,-0.33215339,-0.0044135747,-0.0020281918,0
2023-11-06,492,1260,155960,0.01123365,-0.43835616,-0.0049243396,-0.00051076489,0
2023-11-07,431,1383,170213,0.010657235,-0.52480706,-0.0055929923,-0.00066865274,0
2023-11-08,926,1423,149959,0.015664282,-0.2115794,-0.0033142392,0.0022787531,0
2023-11-09,819,1782,209336,0.012425001,-0.37024221,-0.0046002599,-0.0012860206,0
2023-11-10,775,1543,200923,0.011536758,-0.3313201,-0.0038223598,0.00077790006,0
2023-11-11,521,1014,115041,0.013343069,-0.32117264,-0.0042854287,-0.00046306886,0
2023-11-12,298,959,93017,0.013513659,-0.52585521,-0.0071062279,-0.0028207992,0
2023-11-13,366,1172,133433,0.011526384,-0.52405722,-0.0060404847,0.0010657432,0
2023-11-14,604,1717,186310,0.012457732,-0.47953468,-0.0059739144,6.6570294e-05,0
2023-11-15,351,1219,140627,0.011164286,-0.55286624,-0.0061723567,-0.00019844222,0
2023-11-16,394,1051,129541,0.01115477,-0.45467128,-0.0050717533,0.0011006033,0
2023-11-17,502,1530,189962,0.010696876,-0.50590551,-0.0054116086,-0.00033985529,0
2023-11-18,343,924,125998,0.010055715,-0.45856354,-0.0046111843,0.00080042433,0
2023-11-19,322,1072,124886,0.01116218,-0.53802009,-0.006005477,-0.0013942927,0
2023-11-20,304,1036,134001,0.0099999254,-0.54626866,-0.0054626458,0.00054283119,0
2023-11-21,658,1629,198767,0.011505934,-0.42457368,-0.0048851167,0.00057752906,0
2023-11-22,760,1339,176058,0.011922207,-0.27584564,-0.003288689,0.0015964278,0
2023-11-23,650,1366,172245,0.011704258,-0.35515873,-0.0041568696,-0.00086818062,0
2023-11-24,728,1303,180849,0.011230363,-0.28311177,-0.003179448,0.00097742153,0
2023-11-25,724,1479,133930,0.016448891,-0.34271448,-0.0056372732,-0.0024578252,0
2023-11-26,415,995,110676,0.012739889,-0.41134752,-0.0052405219,0.00039675132,0
2023-11-27,585,1282,164316,0.011362253,-0.37332619,-0.0042418267,0.00099869516,0
2023-11-28,863,1993,223500,0.012778523,-0.39565826,-0.0050559284,-0.00081410169,0
2023-11-29,647,1605,184122,0.012231021,-0.42539964,-0.0052030719,-0.00014714346,0
2023-11-30,763,1564,194331,0.011974415,-0.34422003,-0.0041218334,0.0010812385,0
2023-12-01,422,1163,151027,0.010494812,-0.46750789,-0.0049064075,-0.0007845741,0
2023-12-02,340,1094,120770,0.01187381,-0.52580195,-0.0062432723,-0.0013368649,0
2023-12-03,407,977,133714,0.010350449,-0.41184971,-0.0042628296,0.0019804427,0
2023-12-04,472,1451,157134,0.012237963,-0.50910036,-0.0062303512,-0.0019675215,0
2023-12-05,573,1378,169039,0.011541715,-0.41260892,-0.0047622146,0.0014681365,0
2023-12-06,671,1961,186015,0.014149397,-0.49012158,-0.0069349246,-0.00217271,0
2023-12-07,836,1854,196748,0.013672312,-0.37843866,-0.0051741314,0.0017607932,0
2023-12-08,783,1943,215467,0.012651589,-0.42553191,-0.005383655,-0.00020952366,0
2023-12-09,494,1250,116866,0.014923074,-0.43348624,-0.0064689473,-0.0010852923,0
2023-12-10,551,1056,103600,0.015511583,-0.31425016,-0.0048745174,0.00159443,0
2023-12-11,714,1383,124992,0.016777074,-0.31902718,-0.0053523425,-0.00047782518,0
2023-12-12,1041,2509,219548,0.016169585,-0.41352113,-0.0066864649,-0.0013341224,0
2023-12-13,1460,2328,218833,0.017310004,-0.22914467,-0.003966495,0.0027199699,0
2023-12-14,1452,1956,160802,0.021193766,-0.14788732,-0.0031342894,0.00083220562,0
2023-12-15,1243,1465,156187,0.017338191,-0.081979321,-0.0014213731,0.0017129163,0
2023-12-16,670,1166,121961,0.015053993,-0.27015251,-0.0040668738,-0.0026455007,0
2023-12-17,705,1512,151582,0.014625747,-0.36400541,-0.0053238511,-0.0012569773,0
2023-12-18,573,1149,141168,0.012198232,-0.33449477,-0.0040802448,0.0012436063,0
2023-12-19,767,2229,214015,0.013999019,-0.48798398,-0.0068312969,-0.0027510521,0
2023-12-20,618,1698,178715,0.012959181,-0.46632124,-0.0060431413,0.00078815556,0
2023-12-21,580,1339,155154,0.012368357,-0.3955185,-0.0048919138,0.0011512275,0
2023-12-22,506,1631,183833,0.011624681,-0.52643893,-0.0061196847,-0.0012277709,0
2023-12-23,642,1458,156584,0.013411332,-0.38857143,-0.0052112604,0.0009084243,0
2023-12-24,514,1178,108256,0.015629619,-0.39243499,-0.0061336092,-0.00092234881,0
2023-12-25,273,764,67702,0.015317125,-0.4734812,-0.0072523707,-0.0011187615,0
2023-12-26,515,1886,156946,0.015298255,-0.57101208,-0.0087354886,-0.001483118,0
2023-12-27,532,1650,174484,0.012505445,-0.51237397,-0.0064074643,0.0023280243,0
2023-12-28,609,1698,157864,0.014613845,-0.47204161,-0.0068983429,-0.00049087858,0
2023-12-29,558,2042,157500,0.016507937,-0.57076923,-0.0094222222,-0.0025238793,0
2023-12-30,392,1811,111724,0.019718234,-0.64412165,-0.012700942,-0.0032787194,0
2023-12-31,498,2410,129642,0.022431002,-0.65749656,-0.014748307,-0.0020473653,0
2024-01-01,269,1275,89190,0.017311358,-0.6515544,-0.011279291,0.0034690155,0
2024-01-02,209,1121,113699,0.011697552,-0.68571429,-0.0080211787,0.0032581127,0
2024-01-03,451,1491,140100,0.013861527,-0.53553038,-0.0074232691,0.00059790963,0
2024-01-04,643,1437,171729,0.012112107,-0.38173077,-0.0046235639,0.0027997052,0
2024-01-05,476,1395,159932,0.011698722,-0.49118119,-0.0057461921,-0.0011226283,0
2024-01-06,677,1598,138110,0.016472377,-0.40483516,-0.0066685975,-0.00092240536,0
2024-01-07,302,1074,119268,0.011537043,-0.56104651,-0.0064728175,0.00019577997,0
2024-01-08,283,1045,145645,0.009118061,-0.57379518,-0.0052318995,0.001240918,0
2024-01-09,453,1340,177323,0.010111491,-0.49470162,-0.0050021712,0.0002297283,0
2024-01-10,424,1410,166167,0.011037089,-0.53762268,-0.0059337895,-0.00093161832,0
2024-01-11,584,1982,195500,0.01312532,-0.54481684,-0.0071508951,-0.0012171056,0
2024-01-12,411,1618,172514,0.011761364,-0.59487432,-0.0069965336,0.00015436153,0
2024-01-13,347,1258,147067,0.010913393,-0.56760125,-0.0061944556,0.00080207803,0
2024-01-14,424,806,111874,0.010994512,-0.31056911,-0.0034145557,0.0027798999,0
2024-01-15,495,1484,138847,0.014253099,-0.49974735,-0.0071229483,-0.0037083926,0
2024-01-16,603,1237,139504,0.013189586,-0.34456522,-0.0045446726,0.0025782757,0
2024-01-17,709,1650,187584,0.012575699,-0.39889784,-0.0050164193,-0.00047174676,0
2024-01-18,436,1054,123453,0.012069371,-0.4147651,-0.0050059537,1.0465628e-05,0
2024-01-19,346,1091,129124,0.011128837,-0.5184412,-0.0057696478,-0.0007636941,0
2024-01-20,366,1093,117394,0.012428233,-0.4982865,-0.0061928208,-0.00042317298,0
2024-01-21,245,1118,85576,0.015927363,-0.6404989,-0.010201458,-0.0040086376,0
2024-01-22,350,1234,130299,0.012156655,-0.55808081,-0.0067843959,0.0034170625,0
2024-01-23,415,1390,119743,0.01507395,-0.5401662,-0.0081424384,-0.0013580425,0
2024-01-24,380,1284,133013,0.012510055,-0.54326923,-0.0067963282,0.0013461102,0
2024-01-25,533,1555,188441,0.011080391,-0.4894636,-0.0054234482,0.00137288,0
2024-01-26,696,1903,197000,0.013192893,-0.46440939,-0.0061269036,-0.00070345537,0
2024-01-27,567,1789,162317,0.014514807,-0.51867572,-0.0075284782,-0.0014015747,0
2024-01-28,292,1369,107314,0.015477943,-0.64840458,-0.010035969,-0.002507491,0
2024-01-29,517,1456,144438,0.01365984,-0.47592499,-0.0065010593,0.0035349099,0
2024-01-30,514,1724,193756,0.01155061,-0.5406613,-0.0062449679,0.00025609138,0
2024-01-31,550,1970,187171,0.013463624,-0.56349206,-0.0075866454,-0.0013416775,0
2024-02-01,546,1642,170741,0.012814731,-0.50091408,-0.0064190792,0.0011675662,0
2024-02-02,374,1581,169964,0.011502436,-0.6173913,-0.0071015038,-0.00068242466,0
2024-02-03,299,1091,132987,0.010452149,-0.56978417,-0.0059554693,0.0011460345,0
2024-02-04,371,1691,138854,0.01485013,-0.64015519,-0.009506388,-0.0035509187,0
2024-02-05,364,1457,143659,0.01267585,-0.60021966,-0.0076082946,0.0018980934,0
2024-02-06,404,1619,194393,0.010406753,-0.60059318,-0.0062502251,0.0013580696,0
2024-02-07,383,1534,159546,0.012015344,-0.60041732,-0.0072142204,-0.00096399529,0
2024-02-08,571,2055,183884,0.014280742,-0.56511805,-0.0080703052,-0.00085608484,0
2024-02-09,1340,2996,201755,0.021491413,-0.38191882,-0.008207975,-0.00013766983,0
2024-02-10,469,1132,117498,0.013625764,-0.41411618,-0.0056426492,0.0025653258,0
2024-02-11,336,1931,115592,0.019612084,-0.703573,-0.013798533,-0.0081558835,0
2024-02-12,423,2108,164793,0.015358662,-0.66574476,-0.010224949,0.0035735839,0
2024-02-13,619,1665,139338,0.016391795,-0.45796848,-0.0075069256,0.0027180233,0
2024-02-14,626,2126,189036,0.014558074,-0.54505814,-0.0079349965,-0.0004280709,0
2024-02-15,867,2943,225807,0.016872816,-0.54488189,-0.009193692,-0.0012586954,0
2024-02-16,844,3117,220300,0.017980027,-0.57384499,-0.010317749,-0.0011240566,0
2024-02-17,416,2591,146161,0.020573204,-0.72331227,-0.014880851,-0.004563102,0
2024-02-18,490,2052,129679,0.019602249,-0.61447679,-0.012045127,0.0028357238,0
2024-02-19,526,2691,169937,0.018930545,-0.67298726,-0.012740015,-0.0006948886,0
2024-02-20,575,2775,211561,0.015834677,-0.65671642,-0.010398892,0.0023411234,0
2024-02-21,628,2936,200552,0.017770952,-0.64758698,-0.011508237,-0.0011093452,0
2024-02-22,654,2871,198098,0.017794223,-0.62893617,-0.011191431,0.00031680676,0
2024-02-23,402,2367,105832,0.026164109,-0.70964247,-0.018567163,-0.0073757325,0
2024-02-24,1263,6582,161543,0.048562921,-0.67801147,-0.032926218,-0.014359055,0
2024-02-25,952,4426,150623,0.035705038,-0.64596504,-0.023064207,0.0098620111,0
2024-02-26,695,2650,138508,0.02415023,-0.58445441,-0.014114708,0.0089494985,0
2024-02-27,617,2408,150279,0.020129226,-0.59206612,-0.011917833,0.0021968753,0
2024-02-28,828,2530,206743,0.016242388,-0.50684932,-0.0082324432,0.0036853897,0
2024-02-29,717,2132,200452,0.014212879,-0.4966655,-0.0070590466,0.0011733966,0
2024-03-01,746,2066,187716,0.014980076,-0.46941679,-0.0070318993,2.7147303e-05,0
2024-03-02,420,1500,144391,0.013297228,-0.5625,-0.0074796906,-0.00044779131,0
2024-03-03,613,1223,131509,0.013961022,-0.33224401,-0.0046384658,0.0028412248,0
2024-03-04,586,1558,184811,0.011601041,-0.45335821,-0.0052594272,-0.00062096139,0
2024-03-05,469,1668,190856,0.011196923,-0.56106692,-0.0062822232,-0.001022796,0
2024-03-06,432,1706,193126,0.011070493,-0.595884,-0.0065967296,-0.00031450635,0
2024-03-07,647,2175,186762,0.01511014,-0.54145996,-0.0081815359,-0.0015848063,0
2024-03-08,819,2269,160527,0.019236639,-0.46955959,-0.0090327484,-0.00085121253,0
2024-03-09,918,1807,170167,0.016013681,-0.32623853,-0.0052242797,0.0038084687,0
2024-03-10,1427,1995,170218,0.020103632,-0.1659848,-0.0033368974,0.0018873823,0
2024-03-11,1638,2627,198731,0.021461171,-0.23188746,-0.0049765764,-0.001639679,0
2024-03-12,829,1837,170229,0.015661256,-0.37809452,-0.0059214352,-0.00094485887,0
2024-03-13,794,2119,171085,0.017026624,-0.45485754,-0.0077446883,-0.0018232531,0
2024-03-14,597,1724,162980,0.014241011,-0.48556657,-0.0069149589,0.00082972942,0
2024-03-15,532,2029,160201,0.015986167,-0.58453729,-0.009344511,-0.0024295521,0
2024-03-16,483,1764,137076,0.016392366,-0.57009346,-0.0093451808,-6.6981752e-07,0
2024-03-17,789,3018,161071,0.02363554,-0.58550039,-0.013838618,-0.004493437,0
2024-03-18,1257,2432,175371,0.021035405,-0.3185145,-0.0067000815,0.0071385362,0
2024-03-19,667,1845,175743,0.014293599,-0.46894904,-0.0067029697,-2.8881359e-06,0
2024-03-20,625,1986,210514,0.012402976,-0.52125622,-0.0064651282,0.00023784147,0
2024-03-21,635,1717,185451,0.012682595,-0.46003401,-0.0058344253,0.00063070294,0
2024-03-22,732,2059,165658,0.016847964,-0.47545683,-0.0080104794,-0.0021760542,0
2024-03-23,455,2109,145095,0.017671181,-0.6450858,-0.011399428,-0.0033889485,0
2024-03-24,316,1760,123510,0.016808356,-0.6955684,-0.011691361,-0.00029193306,0
2024-03-25,419,1674,177504,0.011791284,-0.59961777,-0.0070702632,0.0046210978,0
2024-03-26,343,1276,177318,0.0091304887,-0.57628166,-0.0052617332,0.00180853,0
2024-03-27,319,1423,177554,0.0098110997,-0.63375431,-0.0062178267,-0.00095609353,0
2024-03-28,495,1789,192006,0.011895462,-0.56654991,-0.0067393727,-0.00052154604,0
2024-03-29,641,1971,190037,0.013744692,-0.50918836,-0.0069986371,-0.00025926438,0
2024-03-30,583,1570,160171,0.013441884,-0.4584301,-0.0061621642,0.00083647292,0
2024-03-31,531,1108,112476,0.014571998,-0.35204393,-0.0051299833,0.0010321809,0
2024-04-01,346,1472,179197,0.010145259,-0.61936194,-0.0062835873,-0.0011536041,0
2024-04-02,292,1634,172285,0.011179151,-0.69678089,-0.0077894187,-0.0015058314,0
2024-04-03,444,2124,202407,0.012687308,-0.65420561,-0.0083001082,-0.0005106895,0
2024-04-04,544,2532,216408,0.014213892,-0.64629389,-0.0091863517,-0.00088624351,0
2024-04-05,381,1585,190455,0.010322648,-0.61241099,-0.0063217033,0.0028646484,0
2024-04-06,375,1550,175582,0.010963538,-0.61038961,-0.0066920299,-0.00037032665,0
2024-04-07,491,2053,147984,0.017191048,-0.61399371,-0.010555195,-0.0038631652,0
2024-04-08,582,2222,211851,0.013235718,-0.58487874,-0.0077412899,0.0028139053,0
2024-04-09,422,1788,177471,0.012452739,-0.61809955,-0.0076970322,4.4257678e-05,0
2024-04-10,465,1471,169668,0.011410519,-0.5196281,-0.0059292265,0.0017678057,0
2024-04-11,770,2263,213093,0.014233222,-0.4922519,-0.0070063306,-0.0010771041,0
2024-04-12,665,1996,187191,0.014215427,-0.5001879,-0.0071103846,-0.00010405401,0
2024-04-13,354,1748,159360,0.013190261,-0.66317793,-0.00874749,-0.0016371054,0
2024-04-14,268,1700,129714,0.01517184,-0.72764228,-0.011039672,-0.0022921819,0
2024-04-15,425,1670,169485,0.012360976,-0.59427208,-0.0073457828,0.0036938891,0
2024-04-16,677,2442,201421,0.015484979,-0.5658865,-0.0087627407,-0.0014169579,0
2024-04-17,373,1875,166613,0.013492345,-0.66814947,-0.0090149028,-0.00025216207,0
2024-04-18,545,2336,202250,0.014244747,-0.62165915,-0.008855377,0.00015952579,0
2024-04-19,368,1541,161605,0.011812753,-0.61445783,-0.0072584388,0.0015969382,0
2024-04-20,475,2100,156319,0.016472726,-0.63106796,-0.010395409,-0.0031369706,0
2024-04-21,316,1456,114106,0.01552942,-0.64334086,-0.0099907104,0.000404699,0
2024-04-22,423,1708,179557,0.011868098,-0.60300328,-0.0071565018,0.0028342086,0
2024-04-23,489,1602,171217,0.012212572,-0.53228121,-0.0065005227,0.00065597911,0
2024-04-24,985,2009,188471,0.015885733,-0.34201737,-0.0054331966,0.0010673261,0
2024-04-25,541,1678,188895,0.011747267,-0.51239297,-0.006019217,-0.00058602041,0
2024-04-26,354,1771,172376,0.012327702,-0.66682353,-0.0082204019,-0.0022011849,0
2024-04-27,382,1556,153287,0.012642951,-0.60577915,-0.007658836,0.00056156587,0
2024-04-28,180,1119,106130,0.012239706,-0.72286374,-0.0088476397,-0.0011888036,0
2024-04-29,483,1527,165371,0.012154489,-0.51940299,-0.0063130779,0.0025345618,0
2024-04-30,350,1339,180860,0.009338715,-0.58555358,-0.005468318,0.00084475983,0
2024-05-01,184,673,106687,0.0080328437,-0.5705951,-0.0045835013,0.00088481677,0
2024-05-02,430,1240,160421,0.010410108,-0.48502994,-0.0050492143,-0.00046571298,0
2024-05-03,388,1236,125042,0.012987636,-0.52216749,-0.0067817213,-0.0017325071,0
2024-05-04,360,1331,148807,0.011363713,-0.57421644,-0.0065252307,0.00025649067,0
2024-05-05,444,1192,104511,0.015653855,-0.45721271,-0.0071571414,-0.00063191069,0
2024-05-06,457,1345,124470,0.014477384,-0.49278579,-0.0071342492,2.2892137e-05,0
2024-05-07,648,1819,186112,0.013255459,-0.47466559,-0.0062919102,0.00084233897,0
2024-05-08,427,1343,151518,0.01168178,-0.51751412,-0.0060454863,0.0002464239,0
2024-05-09,455,1687,164963,0.01298473,-0.5751634,-0.0074683414,-0.001422855,0
2024-05-10,285,1474,133533,0.013172774,-0.67595225,-0.008904166,-0.0014358246,0
2024-05-11,301,1739,135497,0.015055684,-0.70490196,-0.010612781,-0.0017086151,0
2024-05-12,277,1962,118000,0.018974576,-0.75256811,-0.014279661,-0.0036668799,0
2024-05-13,350,1800,144350,0.014894354,-0.6744186,-0.010045029,0.0042346316,0
2024-05-14,528,2419,190244,0.015490633,-0.64166949,-0.0099398667,0.00010516274,0
2024-05-15,670,2150,182168,0.015480216,-0.5248227,-0.0081243687,0.001815498,0
2024-05-16,818,2261,181943,0.016922882,-0.46865866,-0.0079310553,0.00019331338,0
2024-05-17,758,1922,163695,0.016371911,-0.43432836,-0.0071107853,0.00082027003,0
2024-05-18,444,1943,145343,0.01642322,-0.62798492,-0.010313534,-0.0032027489,0
2024-05-19,260,1423,116596,0.014434457,-0.69102793,-0.0099746132,0.000338921,0
2024-05-20,372,1402,161508,0.010983976,-0.58060879,-0.0063773931,0.0035972201,0
2024-05-21,389,1355,153208,0.011383218,-0.55389908,-0.0063051538,7.2239292e-05,0
2024-05-22,375,1414,188956,0.0094678126,-0.58077138,-0.0054986346,0.00080651918,0
2024-05-23,488,1798,219577,0.010410926,-0.57305337,-0.0059660165,-0.00046738187,0
2024-05-24,705,1299,131007,0.015296893,-0.29640719,-0.0045341089,0.0014319076,0
2024-05-25,625,1662,122656,0.018645643,-0.45343244,-0.0084545395,-0.0039204307,0
2024-05-26,522,1593,128158,0.016503067,-0.50638298,-0.008356872,9.7667539e-05,0
2024-05-27,606,2033,193092,0.01366706,-0.54073513,-0.0073902596,0.00096661242,0
2024-05-28,613,2016,196673,0.013367366,-0.53366299,-0.0071336686,0.00025659099,0
2024-05-29,368,1716,170678,0.012210127,-0.64683301,-0.007897913,-0.00076424445,0
2024-05-30,582,2116,210164,0.012837593,-0.56856931,-0.0072990617,0.00059885134,0
2024-05-31,603,2700,207963,0.015882633,-0.63487738,-0.010083524,-0.0027844628,0
2024-06-01,405,1515,156486,0.012269468,-0.578125,-0.0070932863,0.0029902382,0
2024-06-02,645,1507,138518,0.015535887,-0.40055762,-0.0062230179,0.00087026835,0
2024-06-03,501,1617,188558,0.011232618,-0.52691218,-0.0059186033,0.00030441465,0
2024-06-04,352,1335,166875,0.010109363,-0.58269117,-0.0058906367,2.796659e-05,0
2024-06-05,523,1961,200349,0.012398365,-0.57890499,-0.0071774753,-0.0012868386,0
2024-06-06,604,2841,208943,0.01648775,-0.64934688,-0.010706269,-0.0035287939,0
2024-06-07,875,2803,231597,0.015881035,-0.52419793,-0.0083248056,0.0023814636,0
2024-06-08,600,1897,158057,0.015798098,-0.51942331,-0.0082059004,0.00011890519,0
2024-06-09,442,1259,142147,0.011966485,-0.4803057,-0.0057475712,0.0024583292,0
2024-06-10,424,1228,167634,0.0098548027,-0.48668281,-0.0047961631,0.00095140811,0
2024-06-11,689,1807,204509,0.012204842,-0.44791667,-0.0054667521,-0.000670589,0
2024-06-12,423,1169,136133,0.011694446,-0.46859296,-0.0054799351,-1.3182989e-05,0
2024-06-13,930,2232,197821,0.015984147,-0.41176471,-0.0065817077,-0.0011017726,0
2024-06-14,1799,1873,165027,0.022250904,-0.020152505,-0.00044841147,0.0061332962,0
2024-06-15,2340,2282,159259,0.029021908,0.01254868,0.00036418664,0.00081259811,0
2024-06-16,1731,1597,120864,0.027535081,0.040264423,0.0011086841,0.0007444975,0
2024-06-17,700,1390,119322,0.01751563,-0.33014354,-0.0057826721,-0.0068913562,0
2024-06-18,749,2137,213094,0.013543319,-0.48094248,-0.0065135574,-0.0007308853,0
2024-06-19,864,2053,231003,0.012627542,-0.40761056,-0.0051471193,0.0013664381,0
2024-06-20,650,1863,190574,0.013186479,-0.48269001,-0.0063649816,-0.0012178623,0
2024-06-21,534,1391,149776,0.012852526,-0.44519481,-0.005721878,0.00064310358,0
2024-06-22,341,1621,131907,0.014874116,-0.65239551,-0.0097038065,-0.0039819285,0
2024-06-23,303,1190,112752,0.01324145,-0.59410583,-0.0078668228,0.0018369837,0
2024-06-24,588,1450,163971,0.012429027,-0.42296369,-0.0052570272,0.0026097956,0
2024-06-25,1059,1340,160539,0.014943409,-0.11713214,-0.0017503535,0.0035066737,0
2024-06-26,644,1668,201405,0.011479358,-0.44290657,-0.0050842829,-0.0033339294,0
2024-06-27,693,1685,226072,0.010518773,-0.41715728,-0.0043879826,0.00069630032,0
2024-06-28,722,1720,206227,0.01184132,-0.40868141,-0.0048393275,-0.00045134495,0
2024-06-29,365,1257,157556,0.010294752,-0.54993835,-0.0056614791,-0.00082215156,0
2024-06-30,353,1284,141539,0.011565717,-0.56872327,-0.0065776924,-0.00091621327,0
2024-07-01,427,1219,160604,0.010248811,-0.48116646,-0.004931384,0.0016463083,0
2024-07-02,829,1608,179768,0.013556362,-0.31965531,-0.004333363,0.00059802102,0
2024-07-03,838,1326,177855,0.012167215,-0.22550832,-0.0027438082,0.0015895548,0
2024-07-04,986,1396,193278,0.012324217,-0.17212427,-0.0021212968,0.00062251137,0
2024-07-05,1439,1829,199750,0.016360451,-0.11933905,-0.0019524406,0.00016885623,0
2024-07-06,881,1085,157083,0.012515676,-0.10376399,-0.0012986765,0.00065376405,0
2024-07-07,802,1035,130927,0.014030719,-0.12683723,-0.0017796176,-0.00048094115,0
2024-07-08,1121,1790,147898,0.019682484,-0.22981793,-0.0045233877,-0.0027437701,0
2024-07-09,814,2233,152804,0.019940577,-0.46570397,-0.0092864061,-0.0047630184,0
2024-07-10,919,2506,215933,0.015861401,-0.46335766,-0.0073495019,0.0019369042,0
2024-07-11,931,2318,205430,0.015815606,-0.42690058,-0.0067516916,0.00059781036,0
2024-07-12,842,2148,198313,0.015077176,-0.4367893,-0.0065855491,0.00016614247,0
2024-07-13,432,1583,132717,0.015182682,-0.57121588,-0.008672589,-0.0020870399,0
2024-07-14,246,806,140079,0.0075100479,-0.53231939,-0.0039977441,0.0046748449,0
2024-07-15,562,1223,191877,0.0093028346,-0.37030812,-0.0034449152,0.0005528289,0
2024-07-16,805,1043,182588,0.010121147,-0.12878788,-0.0013034811,0.0021414342,0
2024-07-17,717,1574,184270,0.012432843,-0.37407246,-0.0046507842,-0.0033473031,0
2024-07-18,598,1458,182116,0.011289508,-0.41828794,-0.0047222649,-7.1480755e-05,0
2024-07-19,619,1234,184219,0.01005868,-0.33189423,-0.0033384179,0.0013838471,0
2024-07-20,616,1372,164644,0.012074537,-0.38028169,-0.0045917252,-0.0012533073,0
2024-07-21,491,1328,150044,0.012123111,-0.46014294,-0.0055783637,-0.0009866385,0
2024-07-22,312,738,89543,0.01172621,-0.40571429,-0.0047574908,0.00082087287,0
2024-07-23,554,1232,190208,0.0093897207,-0.37961926,-0.0035645188,0.001192972,0
2024-07-24,805,1252,173006,0.011889761,-0.21730676,-0.0025837254,0.00098079342,0
2024-07-25,578,985,144518,0.010815262,-0.26039667,-0.0028162582,-0.00023253276,0
2024-07-26,566,1075,165640,0.0099070273,-0.31017672,-0.0030729292,-0.00025667106,0
2024-07-27,356,1012,122465,0.011170539,-0.47953216,-0.0053566325,-0.0022837033,0
2024-07-28,292,632,95008,0.0097254968,-0.36796537,-0.003578646,0.0017779865,0
2024-07-29,387,870,162348,0.0077426269,-0.38424821,-0.0029750905,0.00060355546,0
2024-07-30,361,1030,190973,0.0072837522,-0.48094896,-0.003503113,-0.00052802246,0
2024-07-31,392,1099,198619,0.0075068347,-0.4741784,-0.0035595789,-5.6465887e-05,0
2024-08-01,1027,1564,189920,0.013642586,-0.20725589,-0.0028275063,0.00073207257,0
2024-08-02,1060,1376,178894,0.013617002,-0.12972085,-0.0017664092,0.0010610972,0
2024-08-03,352,846,140406,0.0085323989,-0.41235392,-0.0035183682,-0.001751959,0
2024-08-04,256,909,110426,0.010550052,-0.56051502,-0.0059134624,-0.0023950942,0
2024-08-05,105,436,79248,0.0068266707,-0.61182994,-0.0041767616,0.0017367009,0
2024-08-06,238,835,149617,0.0071716449,-0.55638397,-0.0039901883,0.00018657328,0
2024-08-07,248,1284,170721,0.0089737056,-0.67624021,-0.0060683806,-0.0020781923,0
2024-08-08,354,1523,165274,0.011356898,-0.62280234,-0.0070731028,-0.0010047223,0
2024-08-09,704,1948,166906,0.015889183,-0.46907994,-0.0074532971,-0.00038019422,0
2024-08-10,330,1288,118279,0.01367952,-0.592089,-0.0080994936,-0.0006461965,0
2024-08-11,290,1258,89140,0.017365941,-0.625323,-0.010859322,-0.0027598288,0
2024-08-12,634,1954,136137,0.019010262,-0.51004637,-0.0096961149,0.0011632075,0
2024-08-13,807,2324,185310,0.016896012,-0.48450974,-0.0081862824,0.0015098325,0
2024-08-14,741,2619,199813,0.016815723,-0.55892857,-0.0093987879,-0.0012125054,0
2024-08-15,626,1978,179147,0.014535549,-0.51920123,-0.0075468749,0.001851913,0
2024-08-16,394,1458,128548,0.01440707,-0.57451404,-0.0082770638,-0.00073018891,0
2024-08-17,671,1913,138475,0.018660408,-0.48065015,-0.008969128,-0.00069206418,0
2024-08-18,764,2234,136961,0.021889443,-0.49032688,-0.010732982,-0.0017638544,0
2024-08-19,894,2118,160250,0.018795632,-0.4063745,-0.0076380655,0.0030949169,0
2024-08-20,328,983,104431,0.012553744,-0.49961861,-0.006272084,0.0013659816,0
2024-08-21,593,2013,194803,0.013377617,-0.54489639,-0.0072894155,-0.0010173315,0
2024-08-22,504,1994,197770,0.012630834,-0.59647718,-0.0075340041,-0.00024458869,0
2024-08-23,620,1778,157712,0.015204931,-0.48290242,-0.0073424977,0.00019150643,0
2024-08-24,648,2270,156573,0.018636674,-0.55586018,-0.010359385,-0.0030168874,0
2024-08-25,357,1393,129669,0.013495901,-0.592,-0.0079895735,0.0023698116,0
2024-08-26,449,1775,167063,0.013312343,-0.59622302,-0.0079371255,5.2447937e-05,0
2024-08-27,662,2097,198998,0.013864461,-0.52011598,-0.0072111278,0.00072599777,0
2024-08-28,451,1507,178875,0.010946191,-0.53932584,-0.0059035639,0.0013075638,0
2024-08-29,609,1607,186736,0.011867021,-0.45036101,-0.0053444435,0.00055912045,0
2024-08-30,383,1492,179304,0.010457101,-0.59146667,-0.0061850265,-0.00084058305,0
2024-08-31,231,1187,111009,0.012773739,-0.674189,-0.0086119143,-0.0024268878,0
2024-09-01,344,1162,116407,0.012937366,-0.54316069,-0.0070270688,0.0015848455,0
2024-09-02,732,1926,209420,0.012692197,-0.44920993,-0.0057014612,0.0013256076,0
2024-09-03,435,1885,206592,0.011229864,-0.625,-0.0070186648,-0.0013172036,0
2024-09-04,407,1955,199483,0.011840608,-0.6553768,-0.0077600598,-0.00074139495,0
2024-09-05,546,1547,180598,0.011589276,-0.47826087,-0.005542697,0.0022173627,0
2024-09-06,655,1823,190187,0.013029282,-0.47134786,-0.0061413241,-0.00059862703,0
2024-09-07,612,1420,125417,0.01620195,-0.3976378,-0.0064425078,-0.00030118373,0
2024-09-08,606,1407,130729,0.015398267,-0.39791356,-0.0061271791,0.00031532867,0
2024-09-09,553,1406,163112,0.012010153,-0.43542624,-0.0052295355,0.00089764359,0
2024-09-10,789,2263,238194,0.012813085,-0.48296199,-0.0061882331,-0.00095869759,0
2024-09-11,804,2118,179121,0.016312995,-0.44969199,-0.0073358233,-0.0011475901,0
2024-09-12,527,1568,168826,0.012409226,-0.49689737,-0.0061661119,0.0011697114,0
2024-09-13,766,2278,205431,0.014817627,-0.49671485,-0.0073601355,-0.0011940237,0
2024-09-14,709,1809,152195,0.016544565,-0.43685465,-0.0072275699,0.00013256563,0
2024-09-15,495,1159,124319,0.013304483,-0.40145103,-0.0053410983,0.0018864716,0
2024-09-16,322,1470,132386,0.013536175,-0.640625,-0.0086716118,-0.0033305135,0
2024-09-17,415,1454,163393,0.011438679,-0.55591225,-0.0063589015,0.0023127103,0
2024-09-18,335,1352,221249,0.0076248932,-0.60284529,-0.0045966309,0.0017622706,0
2024-09-19,392,1349,188977,0.0092127613,-0.54968409,-0.0050641083,-0.00046747739,0
2024-09-20,488,1535,224012,0.0090307662,-0.5175482,-0.0046738568,0.00039025157,0
2024-09-21,470,1251,148285,0.011606029,-0.45380593,-0.0052668847,-0.00059302796,0
2024-09-22,480,1232,146046,0.011722334,-0.43925234,-0.0051490626,0.00011782209,0
2024-09-23,680,1537,195587,0.011335109,-0.38655841,-0.0043816818,0.00076738081,0
2024-09-24,1138,2051,206128,0.015470969,-0.28629664,-0.0044292867,-4.7604848e-05,0
2024-09-25,1065,1800,192030,0.014919544,-0.2565445,-0.0038275269,0.00060175971,0
2024-09-26,761,1541,167629,0.013732707,-0.33883579,-0.0046531328,-0.00082560586,0
2024-09-27,586,1360,158144,0.012305241,-0.39773895,-0.0048942736,-0.00024114076,0
2024-09-28,512,1107,145281,0.011143921,-0.36751081,-0.0040955115,0.00079876212,0
2024-09-29,399,1340,151914,0.011447266,-0.54111558,-0.0061942941,-0.0020987827,0
2024-09-30,435,1097,173071,0.0088518585,-0.43211488,-0.0038250198,0.0023692744,0
2024-10-01,371,1196,175072,0.0089506032,-0.52648373,-0.0047123469,-0.00088732713,0
2024-10-02,259,1118,179072,0.0076896444,-0.6238199,-0.0047969532,-8.4606261e-05,0
2024-10-03,322,1304,166406,0.0097712823,-0.60393604,-0.0059012295,-0.0011042763,0
2024-10-04,542,1423,195619,0.010045037,-0.44834606,-0.0045036525,0.001397577,0
2024-10-05,361,934,141577,0.009146966,-0.44247104,-0.0040472676,0.00045638494,0
2024-10-06,161,699,102314,0.0084054968,-0.6255814,-0.0052583224,-0.0012110549,0
2024-10-07,456,1045,177340,0.0084639675,-0.39240506,-0.0033213037,0.0019370187,0
2024-10-08,546,1139,175297,0.0096122581,-0.35192878,-0.0033828303,-6.1526572e-05,0
2024-10-09,417,956,132262,0.010380911,-0.39257101,-0.0040752446,-0.00069241431,0
2024-10-10,640,1614,182778,0.0123319,-0.43212067,-0.0053288689,-0.0012536243,0
2024-10-11,607,1415,169743,0.011912126,-0.39960435,-0.0047601374,0.00056873152,0
2024-10-12,352,988,145992,0.0091785851,-0.47462687,-0.0043564031,0.00040373429,0
2024-10-13,345,861,138674,0.0086966555,-0.4278607,-0.0037209571,0.00063544603,0
2024-10-14,320,1192,148714,0.010167167,-0.57671958,-0.005863604,-0.0021426469,0
2024-10-15,374,1294,194160,0.0085908529,-0.55155875,-0.0047383601,0.0011252438,0
2024-10-16,758,1666,196216,0.012353733,-0.37458746,-0.0046275533,0.00011080681,0
2024-10-17,686,1637,199972,0.011616626,-0.40938442,-0.0047556658,-0.00012811248,0
2024-10-18,565,1240,138084,0.013071753,-0.37396122,-0.0048883288,-0.00013266305,0
2024-10-19,527,972,103200,0.014525194,-0.29686458,-0.0043120155,0.00057631334,0
2024-10-20,555,1251,118865,0.015193707,-0.38538206,-0.0058553822,-0.0015433667,0
2024-10-21,700,1790,173511,0.014350675,-0.437751,-0.0062820225,-0.00042664031,0
2024-10-22,487,1708,166549,0.013179305,-0.55626424,-0.0073311758,-0.0010491533,0
2024-10-23,773,1722,189632,0.013157062,-0.38036072,-0.0050044296,0.0023267462,0
2024-10-24,789,1801,170851,0.015159408,-0.39073359,-0.0059232899,-0.00091886025,0
2024-10-25,851,1904,175678,0.0156821,-0.38221416,-0.0059939207,-7.0630812e-05,0
2024-10-26,279,1064,123994,0.010831169,-0.58451229,-0.0063309515,-0.0003370308,0
2024-10-27,400,1317,131380,0.01306896,-0.53407105,-0.0069797534,-0.00064880189,0
2024-10-28,592,1683,187408,0.01213929,-0.47956044,-0.0058215231,0.0011582303,0
2024-10-29,371,1495,178315,0.010464627,-0.60235798,-0.0063034518,-0.00048192866,0
2024-10-30,453,1239,140337,0.012056692,-0.46453901,-0.0056008038,0.00070264798,0
2024-10-31,500,1658,179010,0.012055192,-0.53660797,-0.0064689124,-0.00086810857,0
2024-11-01,599,1442,166175,0.012282233,-0.41303283,-0.0050729652,0.0013959471,0
2024-11-02,223,772,103170,0.0096442764,-0.55175879,-0.0053213143,-0.00024834909,0
2024-11-03,602,1329,147260,0.013112862,-0.37648887,-0.0049368464,0.00038446794,0
2024-11-04,639,1591,182741,0.012203063,-0.42690583,-0.0052095589,-0.00027271249,0
2024-11-05,595,1390,196357,0.010109138,-0.40050378,-0.0040487479,0.0011608109,0
2024-11-06,584,1422,160310,0.012513256,-0.41774676,-0.005227372,-0.001178624,0
2024-11-07,954,1637,163802,0.015817878,-0.26360479,-0.0041696683,0.0010577037,0
2024-11-08,1008,1608,173030,0.015118766,-0.2293578,-0.0034676068,0.00070206148,0
2024-11-09,611,1207,124030,0.014657744,-0.32783278,-0.004805289,-0.0013376823,0
2024-11-10,729,1621,132910,0.017681138,-0.37957447,-0.0067113084,-0.0019060194,0
2024-11-11,1036,1789,179904,0.015702819,-0.26654867,-0.0041855656,0.0025257428,0
2024-11-12,1014,1736,210850,0.013042447,-0.26254545,-0.0034242352,0.0007613304,0
2024-11-13,694,1287,171514,0.011550078,-0.29934377,-0.0034574437,-3.3208469e-05,0
2024-11-14,723,1244,175538,0.011205551,-0.26487036,-0.0029680183,0.00048942539,0
2024-11-15,804,1257,162652,0.012671224,-0.21979622,-0.0027850872,0.00018293114,0
2024-11-16,719,905,81623,0.019896353,-0.11453202,-0.0022787695,0.00050631772,0
2024-11-17,777,1576,99461,0.023657514,-0.33956651,-0.0080332995,-0.00575453,0
2024-11-18,1531,3282,174715,0.027547721,-0.36380636,-0.010022036,-0.0019887364,0
2024-11-19,1037,3156,156682,0.026761211,-0.50536609,-0.013524208,-0.0035021724,0
2024-11-20,1193,3148,210518,0.020620565,-0.45035706,-0.0092866168,0.0042375914,0
2024-11-21,883,3151,203099,0.019862235,-0.56222112,-0.011166968,-0.001880351,0
2024-11-22,1111,2926,192266,0.020996952,-0.44959128,-0.0094400466,0.0017269212,0
2024-11-23,765,1883,146949,0.018019857,-0.42220544,-0.0076080817,0.0018319649,0
2024-11-24,535,1416,109499,0.017817514,-0.4515633,-0.0080457356,-0.00043765386,0
2024-11-25,601,1608,144135,0.01532591,-0.45586238,-0.0069865057,0.0010592299,0
2024-11-26,935,1972,207610,0.014002216,-0.35672515,-0.0049949424,0.0019915633,0
2024-11-27,1076,1827,213391,0.013604135,-0.2586979,-0.0035193612,0.0014755813,0
2024-11-28,1132,2421,212238,0.01674064,-0.36279201,-0.0060733705,-0.0025540093,0
2024-11-29,1125,2042,176134,0.017980628,-0.28954847,-0.0052062634,0.00086710705,0
2024-11-30,1103,1383,128377,0.019364839,-0.11263073,-0.002181076,0.0030251874,0
2024-12-01,1156,1640,130167,0.021480099,-0.17310443,-0.0037183003,-0.0015372243,0
2024-12-02,1327,1589,161424,0.018064228,-0.089849108,-0.0016230548,0.0020952455,0
2024-12-03,1516,1768,207756,0.015807004,-0.076735688,-0.0012129614,0.00041009345,0
2024-12-04,1028,1499,194927,0.012963827,-0.18638702,-0.0024162892,-0.0012033278,0
2024-12-05,915,1733,212019,0.012489447,-0.30891239,-0.0038581448,-0.0014418556,0
2024-12-06,759,1298,167484,0.01228177,-0.26203209,-0.0032182179,0.00063992693,0
2024-12-07,725,1473,127697,0.017212621,-0.34030937,-0.0058576161,-0.0026393982,0
2024-12-08,1769,1916,116570,0.031611907,-0.039891452,-0.0012610449,0.0045965712,0
2024-12-09,1162,1515,176466,0.015170061,-0.13186403,-0.0020003853,-0.00073934048,0
2024-12-10,863,1286,191851,0.011201401,-0.19683574,-0.002204836,-0.0002044507,0
2024-12-11,796,1048,170161,0.010836796,-0.13665944,-0.0014809504,0.00072388565,0
2024-12-12,1237,1464,184790,0.014616592,-0.084042947,-0.0012284215,0.00025252894,0
2024-12-13,1174,1674,192184,0.014819132,-0.1755618,-0.0026016734,-0.0013732519,0
2024-12-14,566,1128,142091,0.011921937,-0.33175915,-0.0039552118,-0.0013535384,0
2024-12-15,664,713,116943,0.011774967,-0.035584604,-0.00041900755,0.0035362043,0
2024-12-16,959,1189,169765,0.012652785,-0.10707635,-0.001354814,-0.00093580646,0
2024-12-17,899,1576,197280,0.01254562,-0.27353535,-0.0034316707,-0.0020768567,0
2024-12-18,1362,2086,240538,0.014334533,-0.2099768,-0.0030099194,0.00042175129,0
2024-12-19,1714,1575,190728,0.017244453,0.042262086,0.00072878654,0.003738706,0
2024-12-20,1087,1099,170707,0.012805567,-0.0054894785,-7.0295887e-05,-0.00079908243,0
2024-12-21,382,616,107483,0.0092851893,-0.23446894,-0.0021770885,-0.0021067926,0
2024-12-22,419,752,97987,0.011950565,-0.28437233,-0.00339841,-0.0012213215,0
2024-12-23,756,1202,169788,0.011532028,-0.22778345,-0.0026268052,0.0007716048,0
2024-12-24,464,667,132293,0.0085492052,-0.17948718,-0.0015344727,0.0010923325,0
2024-12-25,562,899,88278,0.01654999,-0.23066393,-0.0038174857,-0.0022830129,0
2024-12-26,891,1077,142705,0.013790687,-0.094512195,-0.0013033881,0.0025140976,0
2024-12-27,1020,1330,158638,0.014813601,-0.13191489,-0.0019541346,-0.00065074646,0
2024-12-28,501,935,107098,0.01340828,-0.30222841,-0.0040523633,-0.0020982287,0
2024-12-29,444,756,83258,0.014413029,-0.26,-0.0037473876,0.00030497562,0
2024-12-30,691,993,124712,0.013503111,-0.17933492,-0.0024215793,0.0013258083,0
2024-12-31,968,1720,196478,0.013680921,-0.2797619,-0.0038274005,-0.0014058212,0
2025-01-01,718,1090,110544,0.016355478,-0.20575221,-0.0033651759,0.00046222467,0
2025-01-02,619,1021,166479,0.0098510923,-0.24512195,-0.002414719,0.00095045688,0
2025-01-03,610,1073,172746,0.0097426279,-0.27510398,-0.0026802357,-0.00026551675,0
2025-01-04,317,567,102004,0.0086663268,-0.28280543,-0.0024508843,0.00022935144,0
2025-01-05,499,891,90987,0.015276908,-0.28201439,-0.0043083078,-0.0018574235,0
2025-01-06,1098,1266,159758,0.014797381,-0.07106599,-0.0010515905,0.0032567172,0
2025-01-07,511,870,150772,0.0091595256,-0.25995655,-0.0023810787,-0.0013294882,0
2025-01-08,566,1045,177479,0.0090771303,-0.29733085,-0.0026989109,-0.00031783214,0
2025-01-09,780,1266,181403,0.011278755,-0.23753666,-0.0026791178,1.9793092e-05,0
2025-01-10,833,1239,155374,0.013335565,-0.19594595,-0.0026130498,6.6067963e-05,0
2025-01-11,376,830,109738,0.010989812,-0.37645108,-0.0041371266,-0.0015240768,0
2025-01-12,325,612,70901,0.01321561,-0.30629669,-0.0040478978,8.9228838e-05,0
2025-01-13,601,1029,131607,0.012385359,-0.26257669,-0.0032521067,0.00079579112,0
2025-01-14,727,953,127172,0.013210455,-0.13452381,-0.0017771207,0.0014749859,0
2025-01-15,697,976,150299,0.011131145,-0.16676629,-0.0018562998,-7.9179026e-05,0
2025-01-16,794,951,138396,0.012608746,-0.089971347,-0.0011344259,0.00072187393,0
2025-01-17,795,1000,155773,0.011523178,-0.11420613,-0.0013160175,-0.00018159169,0
2025-01-18,645,809,128684,0.011298996,-0.1127923,-0.0012744397,4.1577826e-05,0
2025-01-19,472,584,110387,0.0095663439,-0.10606061,-0.0010146122,0.00025982748,0
2025-01-20,1483,1501,187476,0.015916704,-0.0060321716,-9.601229e-05,0.00091859994,0
2025-01-21,1485,1417,212622,0.013648635,0.023432116,0.00031981639,0.00041582868,0
2025-01-22,1502,1350,187993,0.015170778,0.053295933,0.00080854074,0.00048872436,0
2025-01-23,1389,1393,195938,0.014198369,-0.0014378145,-2.0414621e-05,-0.00082895536,0
2025-01-24,1424,1192,189463,0.013807445,0.088685015,0.0012245135,0.0012449281,0
2025-01-25,763,709,110440,0.013328504,0.036684783,0.00048895328,-0.00073556022,0
2025-01-26,607,662,102184,0.012418774,-0.043341214,-0.00053824473,-0.001027198,0
2025-01-27,793,1060,138628,0.013366708,-0.14409066,-0.0019260178,-0.0013877731,0
2025-01-28,916,1136,190351,0.010780085,-0.10721248,-0.0011557596,0.00077025821,0
2025-01-29,701,980,168274,0.0099896597,-0.16597264,-0.0016580102,-0.00050225053,0
2025-01-30,507,800,157324,0.0083076962,-0.22417751,-0.0018623986,-0.00020438847,0
2025-01-31,558,932,167534,0.0088937171,-0.25100671,-0.0022323827,-0.00036998406,0
2025-02-01,406,593,92039,0.010854094,-0.18718719,-0.0020317474,0.00020063527,0
2025-02-02,778,898,110377,0.015184323,-0.071599045,-0.001087183,0.00094456439,0
2025-02-03,1120,1321,186101,0.013116533,-0.082343302,-0.0010800587,7.1243404e-06,0
2025-02-04,702,1047,162139,0.010787041,-0.19725557,-0.0021278039,-0.0010477452,0
2025-02-05,1093,1132,186388,0.011937464,-0.01752809,-0.00020924094,0.001918563,0
2025-02-06,885,1190,202216,0.010261305,-0.14698795,-0.0015082882,-0.0012990472,0
2025-02-07,860,1158,158384,0.012741186,-0.14767096,-0.0018815032,-0.00037321502,0
2025-02-08,516,828,132743,0.010124828,-0.23214286,-0.0023504064,-0.00046890324,0
2025-02-09,694,926,115863,0.013982031,-0.14320988,-0.0020023649,0.00034804156,0
2025-02-10,765,861,140672,0.011558803,-0.05904059,-0.00068243858,0.0013199263,0
2025-02-11,1208,1303,182701,0.013743767,-0.037833532,-0.00051997526,0.00016246332,0
2025-02-12,2772,1815,185809,0.024686641,0.20863309,0.0051504502,0.0056704255,0
2025-02-13,3218,1219,118550,0.037427246,0.45052964,0.016862084,0.011711633,0
2025-02-14,3853,1655,161128,0.034184003,0.39905592,0.013641329,-0.0032207549,0
2025-02-15,3865,1830,138021,0.041261837,0.35733099,0.014744133,0.0011028045,0
2025-02-16,3829,1425,127452,0.041223363,0.45755615,0.018862003,0.0041178698,0
2025-02-17,4507,1632,139350,0.044054539,0.46831732,0.020631503,0.0017695005,0
2025-02-18,4969,2080,153238,0.046000339,0.40984537,0.018853026,-0.0017784774,0
2025-02-19,5303,3096,199733,0.042051138,0.26276938,0.011049751,-0.0078032746,0
2025-02-20,3945,3145,205029,0.034580474,0.11283498,0.0039018871,-0.0071478644,0
2025-02-21,3186,2260,174412,0.031224916,0.17003305,0.0053092677,0.0014073807,0
2025-02-22,2187,1973,107777,0.038598217,0.051442308,0.0019855813,-0.0033236864,0
2025-02-23,2615,2880,116624,0.047117231,-0.04822566,-0.0022722596,-0.0042578409,0
2025-02-24,4058,4680,135066,0.064694298,-0.071183337,-0.004605156,-0.0023328964,0
2025-02-25,3711,3700,182279,0.040657454,0.0014842801,6.034705e-05,0.004665503,0
2025-02-26,2472,2081,182552,0.024940839,0.085877443,0.0021418555,0.0020815084,0
2025-02-27,2246,1683,172936,0.022719388,0.14329346,0.0032555396,0.0011136842,0
2025-02-28,2995,1965,161894,0.030637331,0.20766129,0.0063621876,0.003106648,0
2025-03-01,4448,3139,131626,0.057640588,0.17253196,0.0099448437,0.0035826561,0
2025-03-02,3608,2813,131604,0.04879031,0.12381249,0.0060408498,-0.0039039939,0
2025-03-03,3965,2943,172234,0.040108225,0.14794441,0.0059337878,-0.00010706207,0
2025-03-04,3687,2431,159421,0.038376375,0.20529585,0.0078785104,0.0019447226,0
2025-03-05,3708,2404,181208,0.033729195,0.21335079,0.0071961503,-0.00068236008,0
2025-03-06,3262,1917,187926,0.02755872,0.25970265,0.0071570725,-3.9077816e-05,0
2025-03-07,3042,1951,166003,0.03007777,0.21850591,0.0065721704,-0.00058490208,0
2025-03-08,1407,1082,109079,0.022818324,0.13057453,0.0029794919,-0.0035926785,0
2025-03-09,1672,1403,119609,0.025708768,0.087479675,0.0022489946,-0.00073049729,0
2025-03-10,1945,1478,129782,0.026374998,0.13643003,0.0035983418,0.0013493472,0
2025-03-11,4311,1860,171286,0.036027463,0.39718036,0.014309401,0.010711059,0
2025-03-12,5951,2239,213354,0.038386906,0.45323565,0.017398315,0.0030889139,0
2025-03-13,4336,1847,163234,0.037878138,0.40255539,0.015248049,-0.0021502657,0
2025-03-14,3346,1590,143512,0.034394336,0.35575365,0.012235911,-0.0030121382,0
2025-03-15,3511,1613,150245,0.034104296,0.37041374,0.0126327,0.00039678934,0
2025-03-16,2180,1414,112469,0.031955472,0.213133,0.0068107656,-0.0058219343,0
2025-03-17,2854,1650,160620,0.02804134,0.26731794,0.0074959532,0.00068518755,0
2025-03-18,3250,1943,147941,0.035101831,0.25168496,0.008834603,0.0013386498,0
2025-03-19,3880,1541,149691,0.036214602,0.43147021,0.015625522,0.0067909189,0
2025-03-20,3618,1663,197273,0.026770009,0.37019504,0.0099101245,-0.0057153974,0
2025-03-21,2229,1678,172522,0.022646387,0.14102892,0.0031937956,-0.006716329,0
2025-03-22,1926,1043,149284,0.019888267,0.29740653,0.0059149005,0.0027211049,0
2025-03-23,1753,901,104219,0.025465606,0.32102487,0.0081750928,0.0022601924,0
2025-03-24,2613,1210,153599,0.024889485,0.36698928,0.0091341741,0.00095908122,0
2025-03-25,3632,1518,204855,0.025139733,0.41048544,0.010319494,0.0011853202,0
2025-03-26,2984,1692,185704,0.025179856,0.27630453,0.0069573084,-0.0033621859,0
2025-03-27,2651,1543,193692,0.021652934,0.26418693,0.0057204221,-0.0012368863,0
2025-03-28,2424,1502,191047,0.020549917,0.23484463,0.0048260376,-0.00089438454,0
2025-03-29,1243,986,134699,0.016548007,0.11529834,0.0019079577,-0.0029180798,0
2025-03-30,1359,893,86924,0.025907689,0.20692718,0.005361005,0.0034530473,0
2025-03-31,2163,1493,172293,0.021219666,0.18326039,0.0038887244,-0.0014722806,0
2025-04-01,1553,1075,172861,0.015202967,0.18188737,0.0027652276,-0.0011234969,0
2025-04-02,1403,1216,188793,0.013872336,0.071401298,0.00099050283,-0.0017747247,0
2025-04-03,1622,1492,221947,0.014030377,0.041746949,0.00058572542,-0.0004047774,0
2025-04-04,1930,1445,185299,0.018213806,0.1437037,0.0026173914,0.0020316659,0
2025-04-05,1242,1070,147776,0.015645301,0.074394464,0.0011639238,-0.0014534676,0
2025-04-06,1138,882,118945,0.016982639,0.12673267,0.0021522552,0.00098833147,0
2025-04-07,871,703,137322,0.011462111,0.10673443,0.0012234019,-0.00092885331,0
2025-04-08,1004,1239,175789,0.012759615,-0.1047704,-0.0013368299,-0.0025602319,0
2025-04-09,1010,1438,201814,0.012129981,-0.1748366,-0.0021207647,-0.00078393471,0
2025-04-10,1161,1405,189314,0.013554201,-0.095089634,-0.001288864,0.00083190066,0
2025-04-11,1535,1114,166352,0.015924065,0.1589279,0.0025307781,0.0038196421,0
2025-04-12,1855,1339,176536,0.018092627,0.16155291,0.0029229166,0.00039213846,0
2025-04-13,1539,943,115680,0.02145574,0.24012893,0.0051521438,0.0022292273,0
2025-04-14,1204,1066,127257,0.017837919,0.060792952,0.0010844197,-0.0040677241,0
2025-04-15,1537,1249,177031,0.015737357,0.10337401,0.0016268337,0.000542414,0
2025-04-16,1208,1306,194439,0.012929505,-0.038981702,-0.00050401411,-0.0021308478,0
2025-04-17,1842,1536,196536,0.017187691,0.090586146,0.0015569667,0.0020609808,0
2025-04-18,3510,1784,183104,0.028912531,0.32602947,0.0094263369,0.0078693703,0
2025-04-19,3108,1284,114390,0.038394965,0.41530055,0.01594545,0.0065191128,0
2025-04-20,3413,1546,113903,0.043537045,0.37648719,0.01639114,0.00044569005,0
2025-04-21,2330,1377,143372,0.025855816,0.2570812,0.0066470441,-0.0097440958,0
2025-04-22,2019,1250,184415,0.017726324,0.23524013,0.0041699428,-0.0024771013,0
2025-04-23,2913,1419,165490,0.026176808,0.34487535,0.0090277358,0.004857793,0
2025-04-24,2345,1134,137983,0.025213251,0.34808853,0.0087764435,-0.00025129234,0
2025-04-25,3292,1572,183720,0.026475071,0.35361842,0.0093620727,0.00058562924,0
2025-04-26,3355,1591,140252,0.035265094,0.35665184,0.012577361,0.003215288,0
2025-04-27,1785,928,115405,0.023508513,0.31588647,0.0074260214,-0.0051513393,0
2025-04-28,2427,1443,143480,0.0269724,0.25426357,0.0068580987,-0.00056792271,0
2025-04-29,2169,1286,194849,0.017731679,0.25557164,0.0045317143,-0.0023263844,0
2025-04-30,1968,1218,168980,0.018854302,0.2354049,0.0044383951,-9.3319226e-05,0
2025-05-01,2512,1780,173886,0.024682838,0.17054986,0.0042096546,-0.00022874048,0
2025-05-02,1374,905,158770,0.014354097,0.20579201,0.0029539586,-0.001255696,0
2025-05-03,1074,640,89978,0.019049101,0.25320887,0.0048234013,0.0018694427,0
2025-05-04,1325,980,116129,0.019848617,0.14967462,0.0029708342,-0.0018525671,0
2025-05-05,1189,1030,168173,0.013194746,0.071653898,0.00094545498,-0.0020253792,0
2025-05-06,1191,1082,181052,0.012554404,0.047954245,0.00060203698,-0.00034341799,0
2025-05-07,2296,1650,243794,0.016185796,0.16371009,0.0026497781,0.0020477411,0
2025-05-08,2278,1500,184921,0.020430346,0.20592906,0.004207202,0.0015574239,0
2025-05-09,2492,1921,170563,0.025873138,0.12939044,0.0033477366,-0.00085946538,0
2025-05-10,4239,1917,153500,0.040104235,0.37719298,0.015127036,0.011779299,0
2025-05-11,5028,1220,114321,0.054653126,0.60947503,0.033309716,0.01818268,0
2025-05-12,2802,871,120174,0.030564016,0.52572829,0.016068368,-0.017241348,0
2025-05-13,3368,1285,176961,0.026293929,0.44766817,0.011770955,-0.0042974124,0
2025-05-14,3435,1377,189461,0.025398367,0.4276808,0.010862394,-0.00090856134,0
2025-05-15,4772,1477,186698,0.033471167,0.52728437,0.017648823,0.0067864294,0
2025-05-16,3891,1224,139790,0.0365906,0.52140762,0.019078618,0.0014297947,0
2025-05-17,2628,975,97351,0.037010406,0.45878435,0.016979795,-0.0020988232,0
2025-05-18,2228,1039,109054,0.029957636,0.36394245,0.010902855,-0.0060769393,0
2025-05-19,3177,1278,131172,0.033963041,0.42626263,0.014477175,0.0035743195,0
2025-05-20,4016,1493,203626,0.027054502,0.45797785,0.012390363,-0.0020868123,0
2025-05-21,2199,1344,193050,0.018352758,0.24132091,0.0044289044,-0.0079614583,0
2025-05-22,1445,1092,163960,0.015473286,0.13914072,0.0021529641,-0.0022759403,0
2025-05-23,1875,1376,193113,0.016834703,0.15349123,0.0025839793,0.00043101519,0
2025-05-24,1717,1109,135120,0.020914742,0.21514508,0.004499704,0.0019157246,0
2025-05-25,1668,1340,120721,0.024916957,0.10904255,0.0027170086,-0.0017826953,0
2025-05-26,1677,1349,115182,0.026271466,0.10839392,0.0028476672,0.00013065853,0
2025-05-27,1679,1334,144106,0.02090822,0.11450382,0.002394071,-0.00045359614,0
2025-05-28,2926,1928,198963,0.024396496,0.20560363,0.005016008,0.002621937,0
2025-05-29,1761,1162,186412,0.015680321,0.20492645,0.0032133124,-0.0018026956,0
2025-05-30,2137,1228,173524,0.01939213,0.27013373,0.0052384685,0.002025156,0
2025-05-31,932,824,88577,0.019824559,0.061503417,0.0012192781,-0.0040191903,0
2025-06-01,2708,2294,137294,0.036432765,0.082766893,0.0030154267,0.0017961486,0
2025-06-02,5010,2471,198616,0.037665646,0.33939313,0.012783462,0.0097680348,0
2025-06-03,2608,2022,192617,0.024037338,0.12656587,0.0030423068,-0.0097411548,0
2025-06-04,2458,1865,192077,0.022506599,0.13717326,0.0030873035,4.4996775e-05,0
2025-06-05,2054,1863,225902,0.017339377,0.048761808,0.00084549938,-0.0022418042,0
2025-06-06,1343,1520,199034,0.014384477,-0.061823262,-0.0008892953,-0.0017347947,0
2025-06-07,1472,1351,150814,0.018718421,0.042862203,0.00080231278,0.0016916081,0
2025-06-08,792,936,113396,0.015238633,-0.083333333,-0.0012698861,-0.0020721988,0
2025-06-09,945,951,132479,0.014311702,-0.003164557,-4.5290197e-05,0.0012245959,0
2025-06-10,1247,1221,191463,0.012890219,0.010534846,0.00013579647,0.00018108667,0
2025-06-11,878,1089,174563,0.011268138,-0.10726995,-0.0012087327,-0.0013445291,0
2025-06-12,602,601,115094,0.010452326,0.0008312552,8.6885502e-06,0.0012174212,0
2025-06-13,530,1044,166299,0.0094648795,-0.32655654,-0.0030908183,-0.0030995069,0
2025-06-14,493,770,107034,0.011799989,-0.21931908,-0.0025879627,0.00050285564,0
2025-06-15,,,,,,,,
2025-06-16,,,,,,,,
2025-06-17,,,,,,,,
2025-06-18,,,,,,,,
2025-06-19,,,,,,,,
2025-06-20,,,,,,,,
2025-06-21,,,,,,,,
2025-06-22,,,,,,,,
2025-06-23,,,,,,,,
2025-06-24,,,,,,,,
2025-06-25,,,,,,,,
2025-06-26,,,,,,,,
2025-06-27,,,,,,,,
2025-06-28,,,,,,,,
2025-06-29,,,,,,,,
2025-06-30,,,,,,,,
2025-07-01,,,,,,,,
2025-07-02,883,1193,155637,0.013338731,-0.14932563,-0.0019918143,,0
2025-07-03,1103,1060,176232,0.012273594,0.019879797,0.00024399655,0.0022358108,0
2025-07-04,1369,1467,163782,0.0173157,-0.034555712,-0.00059835635,-0.0008423529,0
2025-07-05,686,970,124725,0.01327721,-0.17149758,-0.0022770094,-0.0016786531,0
2025-07-06,532,796,117366,0.011315032,-0.19879518,-0.0022493738,2.7635667e-05,0
2025-07-07,663,1072,181127,0.0095789142,-0.23573487,-0.0022580841,-8.7103528e-06,0
2025-07-08,1505,1414,215932,0.013518145,0.03117506,0.00042142897,0.0026795131,0
2025-07-09,1271,1345,153602,0.017031028,-0.028287462,-0.00048176456,-0.00090319353,0
2025-07-10,1379,1483,179256,0.015965993,-0.036338225,-0.00058017584,-9.8411278e-05,0
2025-07-11,1229,1519,192489,0.01427614,-0.1055313,-0.0015065796,-0.00092640376,0
2025-07-12,664,936,134530,0.011893258,-0.17,-0.0020218539,-0.00051527426,0
2025-07-13,364,893,111148,0.011309245,-0.42084328,-0.0047594199,-0.002737566,0
2025-07-14,2101,1859,151275,0.026177491,0.061111111,0.0015997356,0.0063591555,0
2025-07-15,2712,1980,197512,0.023755519,0.15601023,0.0037061039,0.0021063684,0
2025-07-16,1470,1478,179820,0.016394172,-0.0027137042,-4.4488933e-05,-0.0037505929,0
2025-07-17,918,1029,172175,0.011308262,-0.057010786,-0.0006446929,-0.00060020397,0
2025-07-18,1119,1213,192508,0.012113782,-0.040308748,-0.0004882914,0.0001564015,0
2025-07-19,813,937,139422,0.012551821,-0.070857143,-0.00088938618,-0.00040109478,0
2025-07-20,923,582,112395,0.013390275,0.22657807,0.0030339428,0.003923329,0
2025-07-21,1163,959,150488,0.014100792,0.096135721,0.0013555898,-0.001678353,0
2025-07-22,1457,1159,219541,0.01191577,0.11391437,0.0013573774,1.787623e-06,0
2025-07-23,2129,1263,186053,0.018231364,0.2553066,0.0046545877,0.0032972102,0
2025-07-24,1079,843,147475,0.013032717,0.12278876,0.0016002712,-0.0030543164,0
2025-07-25,824,876,173393,0.0098043174,-0.030588235,-0.00029989677,-0.001900168,0
2025-07-26,579,665,125044,0.0099484981,-0.069131833,-0.00068775791,-0.00038786114,0
2025-07-27,611,640,135259,0.0092489224,-0.023181455,-0.00021440348,0.00047335443,0
2025-07-28,1827,1306,217959,0.014374263,0.16629429,0.0023903578,0.0026047613,0
2025-07-29,1321,1361,195061,0.013749545,-0.014914243,-0.00020506406,-0.0025954219,0
2025-07-30,1239,1073,207214,0.011157547,0.071799308,0.00080110417,0.0010061682,0
2025-07-31,1182,1272,181361,0.013531024,-0.036674817,-0.00049624782,-0.001297352,0
2025-08-01,1505,967,158170,0.015628754,0.21763754,0.0034014036,0.0038976514,0
2025-08-02,1156,988,131822,0.016264356,0.078358209,0.0012744458,-0.0021269577,0
2025-08-03,1158,1048,154538,0.014274806,0.049864007,0.00071179904,-0.0005626468,0
2025-08-04,1059,937,149148,0.01338268,0.061122244,0.00081797946,0.00010618042,0
2025-08-05,1463,1848,210338,0.015741331,-0.11627907,-0.0018303873,-0.0026483667,0
2025-08-06,2115,1679,170488,0.022253766,0.11491829,0.0025573647,0.004387752,0
2025-08-07,2745,1546,188475,0.022766945,0.27942205,0.0063615864,0.0038042217,0
2025-08-08,2479,1565,168040,0.024065699,0.22601385,0.0054391811,-0.00092240527,0
2025-08-09,3723,1804,146005,0.037854868,0.34720463,0.013143386,0.0077042044,0
2025-08-10,2487,1091,110689,0.032324802,0.3901621,0.012611913,-0.00053147284,0
2025-08-11,2943,1284,151520,0.027897307,0.39247693,0.01094905,-0.001662863,0
2025-08-12,2990,1896,184151,0.026532574,0.22390503,0.0059407769,-0.0050082728,0
2025-08-13,3839,1956,203624,0.028459317,0.32493529,0.0092474365,0.0033066596,0
2025-08-14,3600,2044,183903,0.030690092,0.275691,0.0084609821,-0.0007864543,0
2025-08-15,5961,2896,204862,0.043233982,0.34605397,0.014961291,0.0065003089,0
2025-08-16,8776,2723,143981,0.079864704,0.5263936,0.042040269,0.027078978,0
2025-08-17,5263,1573,128327,0.053270161,0.53978935,0.028754666,-0.013285603,0
2025-08-18,5557,2357,165427,0.047839833,0.40434673,0.01934388,-0.009410786,0
2025-08-19,6290,2337,174623,0.049403572,0.45821259,0.022637339,0.0032934589,0
2025-08-20,3002,2101,176652,0.028887304,0.17656281,0.0051004234,-0.017536915,0
2025-08-21,2499,1781,180322,0.023735318,0.16775701,0.003981766,-0.0011186575,0
2025-08-22,2144,1546,182051,0.020269045,0.16205962,0.0032847938,-0.00069697213,0
2025-08-23,1196,1004,117052,0.018795065,0.087272727,0.0016402966,-0.0016444972,0
2025-08-24,1999,1677,132230,0.027800045,0.087595212,0.0024351509,0.00079485425,0
2025-08-25,1486,989,144338,0.017147252,0.20080808,0.0034433067,0.0010081558,0
2025-08-26,1319,1160,184199,0.013458271,0.064138766,0.00086319687,-0.0025801098,0
2025-08-27,1676,1496,218753,0.014500373,0.056746532,0.00082284586,-4.035101e-05,0
2025-08-28,1911,1637,178525,0.019873967,0.077226607,0.001534799,0.00071195319,0
2025-08-29,1837,1651,187618,0.018590967,0.053325688,0.00099137609,-0.00054342295,0
2025-08-30,1321,1396,135483,0.020054177,-0.027603975,-0.00055357499,-0.0015449511,0
2025-08-31,1024,1120,105263,0.020368031,-0.044776119,-0.00091200137,-0.00035842638,0
2025-09-01,935,1078,117273,0.017165076,-0.071038251,-0.001219377,-0.00030737564,0
2025-09-02,1042,1430,151577,0.016308543,-0.15695793,-0.0025597551,-0.0013403781,0
2025-09-03,1005,999,127947,0.015662735,0.002994012,4.6894417e-05,0.0026066495,0
2025-09-04,1851,1307,190882,0.016544252,0.17226092,0.0028499282,0.0028030338,0
2025-09-05,1796,1306,192400,0.016122661,0.1579626,0.0025467775,-0.00030315068,0
2025-09-06,994,945,155749,0.012449518,0.025270758,0.00031460876,-0.0022321688,0
2025-09-07,1232,1599,115827,0.024441624,-0.12963617,-0.0031685186,-0.0034831273,0
2025-09-08,957,1513,181958,0.013574561,-0.22510121,-0.0030556502,0.00011286836,0
2025-09-09,869,1478,201360,0.011655741,-0.25948019,-0.0030244338,3.1216355e-05,0
2025-09-10,1000,2397,172778,0.019661068,-0.41124522,-0.0080855201,-0.0050610863,0
2025-09-11,507,1539,151643,0.013492215,-0.50439883,-0.0068054576,0.0012800626,0
2025-09-12,1108,2756,203527,0.018985196,-0.42650104,-0.0080972058,-0.0012917482,0
2025-09-13,791,1546,136481,0.017123263,-0.32306376,-0.0055319055,0.0025653002,0
2025-09-14,632,1406,125364,0.016256661,-0.3797841,-0.0061740213,-0.00064211571,0
2025-09-15,914,1630,190920,0.013324953,-0.28144654,-0.0037502619,0.0024237594,0
2025-09-16,736,1276,170731,0.01178462,-0.26838966,-0.0031628702,0.00058739164,0
2025-09-17,554,1076,156675,0.010403702,-0.3202454,-0.0033317377,-0.00016886743,0
2025-09-18,606,1038,141354,0.011630375,-0.26277372,-0.0030561569,0.00027558079,0
2025-09-19,1137,1717,194001,0.014711264,-0.20322355,-0.0029896753,6.6481572e-05,0
2025-09-20,747,1317,146366,0.014101636,-0.27616279,-0.003894347,-0.00090467174,0
2025-09-21,643,1192,144592,0.012690882,-0.29918256,-0.0037968906,9.7456487e-05,0
2025-09-22,710,1637,180695,0.012988738,-0.39497231,-0.0051301918,-0.0013333012,0
2025-09-23,1078,1896,208467,0.014266047,-0.27505044,-0.0039238824,0.0012063093,0
2025-09-24,1410,1880,199136,0.016521372,-0.14285714,-0.002360196,0.0015636864,0
2025-09-25,1016,1523,198782,0.012772786,-0.19968492,-0.0025505327,-0.0001903367,0
2025-09-26,941,1571,204867,0.012261614,-0.25079618,-0.0030751658,-0.00052463309,0
2025-09-27,669,1365,149454,0.013609539,-0.34218289,-0.0046569513,-0.0015817855,0
2025-09-28,756,1722,140840,0.017594433,-0.38983051,-0.0068588469,-0.0022018956,0
2025-09-29,761,1387,160416,0.013390186,-0.29143389,-0.0039023539,0.002956493,0
2025-09-30,569,1230,191942,0.009372623,-0.36742635,-0.0034437486,0.00045860525,0
2025-10-01,360,948,134203,0.0097464289,-0.44954128,-0.0043814222,-0.00093767354,0
2025-10-02,525,1355,167839,0.011201211,-0.44148936,-0.0049452154,-0.00056379318,0
2025-10-03,340,1192,155129,0.0098756519,-0.55613577,-0.0054922033,-0.00054698791,0
2025-10-04,216,668,93026,0.0095027197,-0.51131222,-0.0048588567,0.0006333466,0
2025-10-05,328,845,98637,0.011892089,-0.44075021,-0.0052414408,-0.00038258417,0
2025-10-06,446,1121,155385,0.010084629,-0.43075941,-0.0043440487,0.00089739219,0
2025-10-07,581,1115,160658,0.010556586,-0.31485849,-0.0033238307,0.0010202179,0
2025-10-08,458,1147,188586,0.008510706,-0.42928349,-0.0036535056,-0.00032967482,0
2025-10-09,856,1191,199353,0.010268218,-0.16365413,-0.0016804362,0.0019730694,0
2025-10-10,1147,1545,214290,0.012562415,-0.14784547,-0.0018572962,-0.00017685998,0
2025-10-11,518,884,133634,0.010491342,-0.26105563,-0.002738824,-0.00088152776,0
2025-10-12,621,953,128616,0.01223798,-0.21092757,-0.0025813274,0.00015749659,0
2025-10-13,1137,1289,179288,0.013531302,-0.062654575,-0.00084779796,0.0017335294,0
2025-10-14,1138,1329,211408,0.011669379,-0.07742197,-0.00090346628,-5.5668327e-05,0
2025-10-15,506,1003,131390,0.011484892,-0.32935719,-0.0037826319,-0.0028791656,0
2025-10-16,1745,1970,188672,0.019690256,-0.060565276,-0.0011925458,0.0025900861,0
2025-10-17,2425,1944,190877,0.022889086,0.11009384,0.0025199474,0.0037124932,0
2025-10-18,1660,1592,126870,0.025632537,0.020910209,0.00053598171,-0.0019839657,0
2025-10-19,879,824,131424,0.012958059,0.032295948,0.00041849282,-0.0001174889,0
2025-10-20,1564,1207,160448,0.017270393,0.12883436,0.0022250199,0.0018065271,0
2025-10-21,1943,1295,196008,0.016519734,0.20012353,0.0033059875,0.0010809676,0
2025-10-22,2020,1242,193794,0.016832306,0.23850399,0.0040145722,0.00070858466,0
2025-10-23,2872,2095,230154,0.021581202,0.15643245,0.0033760004,-0.00063857176,0
2025-10-24,1733,1702,200385,0.017142002,0.0090247453,0.0001547022,-0.0032212982,0
2025-10-25,1528,1083,172045,0.015176262,0.17043278,0.0025865326,0.0024318304,0
2025-10-26,979,877,139916,0.013265102,0.054956897,0.00072900883,-0.0018575238,0
2025-10-27,730,814,149363,0.010337232,-0.054404145,-0.00056238828,-0.0012913971,0
2025-10-28,669,834,154965,0.0096989643,-0.10978044,-0.0010647566,-0.00050236828,0
2025-10-29,727,1092,186021,0.0097784659,-0.2006597,-0.0019621441,-0.0008973875,0
2025-10-30,1057,1101,210826,0.010235929,-0.020389249,-0.00020870291,0.0017534411,0
2025-10-31,692,845,163618,0.009393832,-0.099544567,-0.00093510494,-0.00072640203,0
2025-11-01,524,989,159705,0.0094737172,-0.30733642,-0.0029116183,-0.0019765134,0
2025-11-02,357,718,122152,0.0088005108,-0.33581395,-0.0029553343,-4.3716041e-05,0
2025-11-03,441,756,132496,0.009034235,-0.26315789,-0.0023774303,0.00057790408,0
2025-11-04,598,980,179876,0.0087727101,-0.24207858,-0.0021236852,0.00025374506,0
2025-11-05,290,674,143915,0.0066983984,-0.39834025,-0.0026682417,-0.00054455647,0
2025-11-06,483,1095,204945,0.0076996267,-0.3878327,-0.002986167,-0.00031792535,0
2025-11-07,671,892,172637,0.0090536791,-0.14139475,-0.0012801427,0.0017060243,0
2025-11-08,637,1144,151320,0.011769759,-0.28467153,-0.0033505155,-0.0020703727,0
2025-11-09,435,1188,137748,0.011782385,-0.46395564,-0.0054665041,-0.0021159886,0
2025-11-10,261,591,120645,0.0070620415,-0.38732394,-0.0027352978,0.0027312063,0
2025-11-11,492,918,173808,0.0081123999,-0.30212766,-0.0024509804,0.00028431738,0
2025-11-12,918,1039,205919,0.0095037369,-0.061829331,-0.00058760969,0.0018633707,0
2025-11-13,786,866,159637,0.010348478,-0.04842615,-0.00050113695,8.6472737e-05,0
2025-11-14,592,1196,197157,0.0090689146,-0.33780761,-0.0030635483,-0.0025624114,0
2025-11-15,495,853,167820,0.0080324157,-0.26557864,-0.002133238,0.00093031035,0
2025-11-16,1007,1151,159044,0.013568572,-0.066728452,-0.00090540982,0.0012278282,0
2025-11-17,790,1326,200469,0.010555248,-0.25330813,-0.0026737301,-0.0017683203,0
2025-11-18,788,1200,204958,0.0096995482,-0.20724346,-0.0020101679,0.00066356217,0
2025-11-19,1013,1012,138388,0.014632772,0.00049382716,7.2260601e-06,0.002017394,0
2025-11-20,1743,1329,180180,0.017049617,0.13476562,0.0022977023,0.0022904762,0
2025-11-21,2409,1622,179273,0.02248526,0.19523691,0.0043899528,0.0020922505,0
2025-11-22,2618,1427,154324,0.026211088,0.29443758,0.0077175294,0.0033275766,0
2025-11-23,3120,1512,134268,0.034498168,0.34715026,0.011976048,0.0042585186,0
2025-11-24,3742,1400,189397,0.027149321,0.4554648,0.01236556,0.00038951227,0
2025-11-25,3640,1305,182677,0.027069637,0.47219414,0.012782124,0.00041656347,0
2025-11-26,3284,1224,183381,0.024582699,0.45696539,0.011233443,-0.0015486807,0
2025-11-27,1533,874,127071,0.018942166,0.27378479,0.0051860771,-0.0060473659,0
2025-11-28,2424,1519,190322,0.020717521,0.22952067,0.0047550993,-0.00043097782,0
2025-11-29,1796,1154,153375,0.019233904,0.21762712,0.0041858191,-0.00056928018,0
2025-11-30,2277,979,147416,0.022087155,0.39864865,0.0088050144,0.0046191953,0
2025-12-01,2213,1132,148794,0.022480745,0.32316891,0.0072650779,-0.0015399365,0
2025-12-02,2773,1814,193417,0.023715599,0.20906911,0.0049581991,-0.0023068788,0
2025-12-03,3346,1961,214441,0.024748066,0.26097607,0.006458653,0.0015004538,0
2025-12-04,1884,1421,155292,0.021282487,0.14009077,0.0029814801,-0.0034771729,0
2025-12-05,1352,1020,125203,0.018945233,0.13996627,0.0026516936,-0.0003297864,0
2025-12-06,5,7,494,0.024291498,-0.16666667,-0.004048583,-0.0067002766,1
2025-12-07,1532,1310,140932,0.020165754,0.078114004,0.0015752278,0.0056238108,0
2025-12-08,2541,1362,181068,0.021555438,0.30207533,0.0065113659,0.0049361381,0
2025-12-09,1614,1211,159244,0.017740072,0.14265487,0.0025307076,-0.0039806583,0
2025-12-10,1733,1661,200873,0.016896248,0.021213907,0.00035843543,-0.0021722722,0
2025-12-11,1479,1366,155709,0.018271262,0.039718805,0.00072571271,0.00036727728,0
2025-12-12,1964,1469,187120,0.018346516,0.14418876,0.0026453613,0.0019196486,0
2025-12-13,1509,1203,135001,0.02008874,0.11283186,0.0022666499,-0.00037871139,0
2025-12-14,1429,1006,123899,0.019653105,0.17371663,0.0034140711,0.0011474213,0
2025-12-15,2622,1259,182367,0.021281263,0.35119814,0.0074739399,0.0040598688,0
2025-12-16,2895,1387,198144,0.021610546,0.35217188,0.0076106266,0.0001366867,0
2025-12-17,2340,1799,228585,0.01810705,0.1307079,0.0023667345,-0.0052438921,0
2025-12-18,2065,1665,215046,0.017345126,0.10723861,0.0018600671,-0.00050666733,0
2025-12-19,2448,1552,200195,0.019980519,0.224,0.0044756363,0.0026155691,0
2025-12-20,1494,1009,134563,0.018600953,0.19376748,0.0036042597,-0.00087137654,0
2025-12-21,2124,1119,148779,0.021797431,0.30989824,0.0067549856,0.0031507259,0
2025-12-22,1573,1074,160488,0.016493445,0.1885153,0.0031092667,-0.0036457188,0
2025-12-23,1895,1708,219233,0.01643457,0.051901193,0.00085297378,-0.002256293,0
2025-12-24,2172,1460,187761,0.01934374,0.19603524,0.0037920548,0.002939081,0
2025-12-25,1371,1319,140380,0.019162274,0.019330855,0.00037042314,-0.0034216317,0
2025-12-26,2189,1482,159916,0.022955802,0.19259057,0.0044210711,0.0040506479,0
2025-12-27,2014,1358,137431,0.024535949,0.1945433,0.0047733044,0.00035223336,0
2025-12-28,3158,1430,131303,0.034942081,0.3766347,0.0131604,0.0083870956,0
2025-12-29,4619,1927,176613,0.037064089,0.41124351,0.015242366,0.0020819661,0
2025-12-30,2227,1392,154614,0.023406677,0.23072672,0.0054005459,-0.0098418202,0
2025-12-31,1818,1514,177972,0.018722046,0.091236495,0.0017081339,-0.003692412,0
2026-01-01,1351,1065,138144,0.017488997,0.11837748,0.0020703035,0.00036216959,0
2026-01-02,1426,1191,164611,0.015898087,0.089797478,0.0014276081,-0.00064269533,0
2026-01-03,807,863,125367,0.01332089,-0.033532934,-0.00044668852,-0.0018742966,0
2026-01-04,553,978,126399,0.012112438,-0.27759634,-0.0033623684,-0.0029156799,0
2026-01-05,873,1209,180929,0.011507276,-0.16138329,-0.0018570821,0.0015052863,0
2026-01-06,885,748,137632,0.011864973,0.083894672,0.00099540804,0.0028524901,0
2026-01-07,1759,1079,178364,0.015911283,0.23960536,0.0038124285,0.0028170205,0
2026-01-08,1156,1118,187056,0.012156787,0.016710642,0.00020314772,-0.0036092808,0
2026-01-09,1061,1311,178962,0.01325421,-0.10539629,-0.0013969446,-0.0016000923,0
2026-01-10,998,1070,162128,0.012755354,-0.034816248,-0.00044409356,0.00095285105,0
2026-01-11,483,668,123113,0.0093491345,-0.1607298,-0.0015026845,-0.001058591,0
2026-01-12,545,775,155352,0.008496833,-0.17424242,-0.0014805088,2.2175746e-05,0
2026-01-13,981,1511,214908,0.01159566,-0.21268058,-0.0024661716,-0.00098566279,0
2026-01-14,609,914,192646,0.0079056923,-0.20026264,-0.0015832148,0.00088295676,0
2026-01-15,835,1068,191755,0.0099241219,-0.12243826,-0.0012150922,0.00036812263,0
2026-01-16,619,991,154566,0.010416262,-0.2310559,-0.0024067389,-0.0011916467,0
2026-01-17,670,577,110343,0.011301125,0.07457899,0.00084282646,0.0032495653,0
2026-01-18,372,595,102886,0.009398752,-0.23061013,-0.0021674475,-0.0030102739,0
2026-01-19,498,761,122748,0.010256786,-0.20889595,-0.0021426011,2.4846365e-05,0
2026-01-20,801,1100,175050,0.010859754,-0.15728564,-0.0017080834,0.0004345177,0
2026-01-21,810,979,164792,0.01085611,-0.094466182,-0.0010255352,0.00068254818,0
2026-01-22,1604,991,171587,0.015123523,0.23622351,0.0035725317,0.0045980669,0
2026-01-23,1462,771,112203,0.019901429,0.30944917,0.0061584806,0.0025859489,0
2026-01-24,1993,1039,131649,0.023030938,0.3146438,0.0072465419,0.0010880613,0
2026-01-25,1004,767,106612,0.016611638,0.1338227,0.0022230143,-0.0050235276,0
2026-01-26,965,995,165437,0.01184741,-0.015306122,-0.00018133791,-0.0024043522,0
2026-01-27,652,636,127190,0.010126582,0.01242236,0.00012579605,0.00030713396,0
2026-01-28,853,879,155000,0.011174194,-0.015011547,-0.00016774194,-0.00029353799,0
2026-01-29,1301,949,154974,0.014518564,0.15644444,0.0022713487,0.0024390907,0
2026-01-30,1186,766,135991,0.014353891,0.21516393,0.0030884397,0.00081709093,0
2026-01-31,892,654,133068,0.01161812,0.15394567,0.0017885592,-0.0012998804,0
2026-02-01,1026,793,112692,0.016141341,0.12809236,0.0020675824,0.0002790232,0
2026-02-02,854,747,132188,0.012111538,0.066833229,0.0008094532,-0.0012581292,0
2026-02-03,1061,879,121028,0.016029349,0.093814433,0.0015037842,0.00069433105,0
2026-02-04,1533,1165,150526,0.017923814,0.13639733,0.0024447604,0.00094097613,0
2026-02-05,1364,1042,128503,0.018723298,0.13383209,0.0025057781,6.1017702e-05,0
2026-02-06,1239,912,126875,0.016953695,0.15202232,0.0025773399,7.1561826e-05,0
2026-02-07,1617,1092,137960,0.019636126,0.19379845,0.0038054509,0.001228111,0
2026-02-08,886,769,117891,0.014038391,0.070694864,0.00099244217,-0.0028130087,0
2026-02-09,686,842,155352,0.0098357279,-0.10209424,-0.0010041712,-0.0019966133,0
2026-02-10,625,767,137013,0.01015962,-0.10201149,-0.001036398,-3.2226833e-05,0
2026-02-11,877,1082,144564,0.013551092,-0.10464523,-0.0014180571,-0.00038165905,0
2026-02-12,644,891,134229,0.011435681,-0.16091205,-0.0018401389,-0.00042208181,0
2026-02-13,955,761,122746,0.013980089,0.11305361,0.0015804996,0.0034206384,0
2026-02-14,1577,1129,130793,0.020689181,0.16555802,0.0034252598,0.0018447602,0
2026-02-15,1158,1007,119948,0.018049488,0.069745958,0.0012588788,-0.0021663809,0
2026-02-16,1007,930,133195,0.014542588,0.039752194,0.00057809978,-0.00068077907,0
2026-02-17,1375,867,122464,0.018307421,0.22658341,0.0041481578,0.003570058,0
2026-02-18,1490,952,123086,0.019839787,0.22031122,0.0043709276,0.00022276982,0
2026-02-19,1026,698,133793,0.012885577,0.19025522,0.0024515483,-0.0019193794,0
2026-02-20,811,897,131330,0.013005406,-0.050351288,-0.00065483896,-0.0031063872,0
2026-02-21,600,965,119917,0.013050693,-0.23322684,-0.0030437719,-0.002388933,0
2026-02-22,605,1011,87513,0.018465828,-0.25123762,-0.0046393107,-0.0015955388,0
2026-02-23,758,1488,116992,0.019197894,-0.32502226,-0.0062397429,-0.0016004322,0
2026-02-24,1871,3371,130728,0.040098525,-0.28615032,-0.011474206,-0.0052344631,0
2026-02-25,1205,1542,128111,0.021442343,-0.12267929,-0.0026305313,0.0088436746,0
2026-02-26,1344,1290,178580,0.014749692,0.020501139,0.00030238549,0.0029329168,0
2026-02-27,628,677,131748,0.0099052737,-0.037547893,-0.00037192215,-0.00067430764,0
2026-02-28,7,9,1949,0.0082093381,-0.125,-0.0010261673,-0.00065424511,1
2026-03-01,467,894,124206,0.010957603,-0.3137399,-0.0034378371,-0.0024116699,0
2026-03-02,595,1225,145797,0.01248311,-0.34615385,-0.0043210766,-0.00088323942,0
2026-03-03,663,1292,160429,0.012186076,-0.32173913,-0.0039207375,0.00040033904,0
2026-03-04,654,1386,205498,0.0099271039,-0.35882353,-0.0035620785,0.00035865906,0
2026-03-05,662,1067,149155,0.011591968,-0.23423944,-0.0027152962,0.00084678229,0
2026-03-06,580,1550,169339,0.012578319,-0.45539906,-0.0057281548,-0.0030128586,0
2026-03-07,449,1020,122996,0.011943478,-0.3886998,-0.0046424274,0.0010857274,0
2026-03-08,342,773,116506,0.0095703226,-0.38654709,-0.0036993803,0.00094304711,0
2026-03-09,624,1876,159405,0.015683322,-0.5008,-0.0078542078,-0.0041548275,0
2026-03-10,845,1956,158369,0.017686542,-0.39664406,-0.0070152618,0.00083894601,0
2026-03-11,666,2045,178260,0.015208123,-0.50866839,-0.0077358914,-0.00072062957,0
2026-03-12,683,1599,197426,0.011558761,-0.40140228,-0.0046397131,0.0030961783,0
2026-03-13,467,1418,152997,0.012320503,-0.50450928,-0.0062158082,-0.001576095,0
2026-03-14,515,1255,121101,0.014615899,-0.4180791,-0.0061106019,0.00010520626,0
2026-03-15,545,856,104825,0.013365132,-0.2219843,-0.0029668495,0.0031437524,0
2026-03-16,567,1546,184090,0.011478081,-0.46332229,-0.005318051,-0.0023512014,0
2026-03-17,644,1453,193123,0.010858365,-0.38578922,-0.0041890401,0.0011290108,0
2026-03-18,500,1050,154792,0.010013437,-0.35483871,-0.0035531552,0.00063588494,0
2026-03-19,519,1106,139418,0.011655597,-0.36123077,-0.0042103602,-0.00065720501,0
2026-03-20,622,1108,154240,0.011216286,-0.28092486,-0.0031509336,0.0010594266,0
2026-03-21,372,703,101846,0.010555152,-0.30790698,-0.0032500049,-9.9071299e-05,0
2026-03-22,328,737,102595,0.010380623,-0.38403756,-0.0039865491,-0.00073654414,0
2026-03-23,406,1052,142713,0.010216308,-0.4430727,-0.0045265673,-0.00054001825,0
2026-03-24,630,1166,177582,0.010113638,-0.29844098,-0.0030183239,0.0015082434,0
2026-03-25,506,1177,175150,0.0096089067,-0.39869281,-0.003831002,-0.00081267807,0
2026-03-26,846,1436,169843,0.013435938,-0.25854514,-0.0034737964,0.00035720561,0
2026-03-27,678,1190,133392,0.014003838,-0.27408994,-0.0038383111,-0.00036451475,0
2026-03-28,448,643,111533,0.0097818583,-0.17873511,-0.0017483615,0.0020899497,0
2026-03-29,279,850,108447,0.010410615,-0.50575731,-0.0052652448,-0.0035168833,0
2026-03-30,504,999,179195,0.0083875108,-0.32934132,-0.0027623539,0.0025028909,0
2026-03-31,618,1434,149181,0.013755103,-0.39766082,-0.0054698655,-0.0027075116,0
2026-04-01,702,1236,183327,0.010571274,-0.2755418,-0.0029128279,0.0025570376,0
2026-04-02,454,742,151046,0.0079181177,-0.24080268,-0.0019067039,0.001006124,0
2026-04-03,463,860,134715,0.0098207327,-0.30007559,-0.0029469621,-0.0010402582,0
2026-04-04,463,747,113161,0.01069273,-0.23471074,-0.0025096986,0.00043726353,0
2026-04-05,426,639,95970,0.011097218,-0.2,-0.0022194436,0.00029025499,0
2026-04-06,455,784,123095,0.010065397,-0.26553672,-0.0026727324,-0.00045328887,0
2026-04-07,366,887,153024,0.0081882581,-0.41580208,-0.0034046947,-0.00073196225,0
2026-04-08,638,657,145631,0.0088923375,-0.014671815,-0.00013046673,0.003274228,0
2026-04-09,1096,942,159118,0.012808105,0.075564279,0.00096783519,0.0010983019,0
2026-04-10,1207,743,141522,0.013778776,0.23794872,0.0032786422,0.002310807,0
2026-04-11,1321,776,118284,0.017728518,0.25989509,0.0046075547,0.0013289125,0
2026-04-12,850,753,96377,0.016632599,0.060511541,0.0010064642,-0.0036010905,0
2026-04-13,622,640,112099,0.011257906,-0.014263074,-0.00016057235,-0.0011670365,0
2026-04-14,694,1005,178675,0.0095088848,-0.18304885,-0.0017405905,-0.0015800181,0
2026-04-15,541,910,170162,0.0085271682,-0.25430737,-0.0021685218,-0.0004279313,0
2026-04-16,589,1192,182814,0.0097421423,-0.33857383,-0.0032984345,-0.0011299127,0
2026-04-17,457,882,173900,0.0076998275,-0.31740105,-0.0024439333,0.00085450118,0
2026-04-18,310,553,105372,0.0081900315,-0.2815759,-0.0023061155,0.00013781782,0
2026-04-19,366,739,119636,0.0092363503,-0.33755656,-0.0031177906,-0.00081167515,0
2026-04-20,441,780,155119,0.0078713762,-0.27764128,-0.0021854189,0.0009323717,0
2026-04-21,589,961,171556,0.0090349507,-0.24,-0.0021683882,1.7030772e-05,0
2026-04-22,656,1093,191394,0.0091382175,-0.24985706,-0.0022832482,-0.00011486,0
2026-04-23,867,1060,214966,0.0089642083,-0.10015568,-0.0008978164,0.0013854318,0
2026-04-24,652,1160,186067,0.0097384276,-0.2803532,-0.0027301993,-0.0018323829,0
2026-04-25,728,1071,148214,0.012137855,-0.19066148,-0.0023142213,0.00041597801,0
2026-04-26,369,801,107812,0.010852224,-0.36923077,-0.0040069751,-0.0016927538,0
2026-04-27,528,903,152094,0.0094086552,-0.26205451,-0.0024655805,0.0015413946,0
2026-04-28,517,897,137957,0.010249571,-0.26874116,-0.0027544815,-0.00028890097,0
2026-04-29,954,1104,167483,0.012287814,-0.072886297,-0.00089561329,0.0018588682,0
2026-04-30,1215,1178,176732,0.013540276,0.015461763,0.00020935654,0.0011049698,0
2026-05-01,413,581,113729,0.0087400751,-0.16901408,-0.0014771958,-0.0016865523,0
2026-05-02,486,1017,132098,0.011377916,-0.35329341,-0.0040197429,-0.0025425471,0
2026-05-03,406,986,113438,0.01227102,-0.41666667,-0.0051129251,-0.0010931822,0
2026-05-04,942,922,131891,0.014132882,0.010729614,0.00015164037,0.0052645655,0
2026-05-05,1005,974,148873,0.01329321,0.015664477,0.00020823118,5.6590807e-05,0
2026-05-06,1332,1061,180578,0.013251891,0.11324697,0.0015007365,0.0012925053,0
2026-05-07,1249,990,181028,0.012368252,0.11567664,0.0014307179,-7.0018624e-05,0
2026-05-08,2005,1045,167527,0.018206021,0.3147541,0.0057304196,0.0042997017,0
2026-05-09,2402,979,133316,0.025360797,0.4208814,0.010673888,0.004943468,0
2026-05-10,1309,746,111740,0.018390907,0.27396594,0.0050384822,-0.0056354054,0
2026-05-11,1233,978,153737,0.014381704,0.11533243,0.0016586768,-0.0033798054,0
2026-05-12,1143,1029,160779,0.013509227,0.052486188,0.00070904782,-0.00094962901,0
2026-05-13,836,889,160831,0.010725544,-0.030724638,-0.00032953846,-0.0010385863,0
2026-05-14,824,952,157615,0.011267963,-0.072072072,-0.00081210545,-0.00048256699,0
2026-05-15,745,988,154400,0.011224093,-0.14021927,-0.0015738342,-0.00076172875,0
2026-05-16,458,976,146332,0.0097996337,-0.36122734,-0.0035398956,-0.0019660614,0
2026-05-17,578,951,107365,0.01424114,-0.24395029,-0.0034741303,6.5765277e-05,0
2026-05-18,466,616,99944,0.010826063,-0.13863216,-0.0015008405,0.0019732898,0
2026-05-19,587,1085,143055,0.011687812,-0.29784689,-0.0034811786,-0.0019803381,0
2026-05-20,713,1254,148781,0.013220774,-0.27503813,-0.003636217,-0.00015503842,0
2026-05-21,700,1062,177762,0.0099121297,-0.20544835,-0.0020364307,0.0015997863,0
2026-05-22,584,1191,179505,0.0098883039,-0.34197183,-0.0033815214,-0.0013450907,0
2026-05-23,472,854,127762,0.010378673,-0.28808446,-0.0029899344,0.000391587,0
2026-05-24,391,936,100767,0.013168994,-0.41070083,-0.0054085167,-0.0024185823,0
2026-05-25,392,857,134886,0.0092596711,-0.37229784,-0.0034473555,0.0019611611,0
2026-05-26,532,1115,153836,0.010706207,-0.35397693,-0.0037897501,-0.00034239458,0
2026-05-27,575,1216,180240,0.009936751,-0.35790061,-0.0035563693,0.00023338084,0
2026-05-28,999,1094,187280,0.01117578,-0.045389393,-0.00050726185,0.0030491074,0
2026-05-29,679,1431,143525,0.014701272,-0.3563981,-0.0052395053,-0.0047322435,0
2026-05-30,208,546,92808,0.0081242996,-0.44827586,-0.0036419274,0.0015975779,0
2026-05-31,295,704,92667,0.010780537,-0.40940941,-0.0044136532,-0.00077172577,0
2026-06-01,510,882,159665,0.0087182538,-0.26724138,-0.0023298782,0.002083775,0
2026-06-02,849,1428,182921,0.012447997,-0.25428195,-0.0031653009,-0.00083542269,0
2026-06-03,701,1102,176051,0.010241351,-0.2224071,-0.0022777491,0.00088755181,0
2026-06-04,1810,1443,214292,0.015180221,0.11281894,0.0017126164,0.0039903655,0
2026-06-05,1964,1292,151823,0.021446026,0.20638821,0.0044262068,0.0027135904,0
2026-06-06,652,695,102935,0.013085928,-0.031922791,-0.00041773935,-0.0048439462,0
2026-06-07,698,631,85935,0.015465177,0.050413845,0.00077965904,0.0011973984,0
2026-06-08,1109,1010,161102,0.013153158,0.046720151,0.00061451751,-0.00016514153,0
2026-06-09,913,994,156115,0.012215354,-0.042475092,-0.00051884828,-0.0011333658,0
2026-06-10,482,779,165198,0.0076332643,-0.23552736,-0.0017978426,-0.0012789943,0
2026-06-11,603,774,171408,0.008033464,-0.12418301,-0.00099761971,0.00080022287,0
2026-06-12,457,770,160194,0.0076594629,-0.25509372,-0.0019538809,-0.00095626121,0
2026-06-13,466,626,116895,0.0093417169,-0.14652015,-0.0013687497,0.00058513119,0
2026-06-14,330,605,77541,0.012058137,-0.29411765,-0.0035465109,-0.0021777611,0
2026-06-15,1085,1052,155787,0.013717448,0.015442209,0.00021182769,0.0037583386,0
2026-06-16,1094,1036,146716,0.014517844,0.027230047,0.00039532157,0.00018349389,0
2026-06-17,1416,1045,192921,0.012756517,0.15075173,0.001923067,0.0015277454,0
2026-06-18,977,1068,171553,0.011920514,-0.044498778,-0.00053044832,-0.0024535153,0
2026-06-19,1175,890,154648,0.013352905,0.13801453,0.0018428948,0.0023733431,0
2026-06-20,370,547,87585,0.010469829,-0.19302072,-0.002020894,-0.0038637888,0
2026-06-21,308,707,107210,0.0094674004,-0.39310345,-0.0037216678,-0.0017007738,0
2026-06-22,496,993,163777,0.0090916307,-0.33378106,-0.0030346141,0.00068705361,0
2026-06-23,919,863,180322,0.0098823216,0.031425365,0.00031055556,0.0033451697,0
2026-06-24,538,681,151549,0.0080436031,-0.11730927,-0.0009435892,-0.0012541448,0
2026-06-25,543,761,170512,0.0076475556,-0.16717791,-0.0012785024,-0.00033491319,0
2026-06-26,345,756,135507,0.0081250415,-0.373297,-0.0030330536,-0.0017545513,0
2026-06-27,383,850,130871,0.0094214914,-0.37875101,-0.0035683994,-0.00053534577,0
2026-06-28,172,430,65713,0.0091610488,-0.42857143,-0.0039261638,-0.00035776436,0
2026-06-29,466,758,119684,0.010226931,-0.23856209,-0.002439758,0.0014864057,0
2026-06-30,334,687,116092,0.008794749,-0.34573947,-0.0030406919,-0.00060093384,0
2026-07-01,,,,,,,,
2026-07-02,,,,,,,,
2026-07-03,,,,,,,,
2026-07-04,,,,,,,,
2026-07-05,534,668,99069,0.012132958,-0.11148087,-0.0013525926,,0
2026-07-06,470,830,113245,0.011479536,-0.27692308,-0.0031789483,-0.0018263557,0
2026-07-07,601,1135,146923,0.011815713,-0.30760369,-0.0036345569,-0.00045560858,0
2026-07-08,838,1167,158000,0.012689873,-0.16408978,-0.0020822785,0.0015522784,0
2026-07-09,767,1096,165766,0.011238734,-0.17659689,-0.0019847255,9.7553025e-05,0
2026-07-10,566,877,153333,0.00941089,-0.21552322,-0.0020282653,-4.3539822e-05,0
2026-07-11,327,629,115589,0.0082706832,-0.31589958,-0.0026127054,-0.00058444008,0
2026-07-12,450,1145,111326,0.014327291,-0.43573668,-0.0062429262,-0.0036302208,0
2026-07-13,696,1085,163591,0.010886907,-0.21841662,-0.0023778814,0.0038650448,0
2026-07-14,592,1065,169835,0.0097565284,-0.28545564,-0.0027850561,-0.00040717466,0
2026-07-15,641,1081,171287,0.010053302,-0.25551684,-0.0025687881,0.00021626803,0
2026-07-16,625,1371,184152,0.010838872,-0.37374749,-0.0040510013,-0.0014822133,0
2026-07-17,373,869,171520,0.0072411381,-0.39935588,-0.002891791,0.0011592103,0
2026-07-18,226,776,124309,0.0080605588,-0.5489022,-0.0044244584,-0.0015326674,0
2026-07-19,255,796,99201,0.010594651,-0.51474786,-0.0054535741,-0.0010291157,0
2026-07-20,235,726,129669,0.0074111777,-0.51092612,-0.0037865643,0.0016670098,0
2026-07-21,341,1108,184866,0.0078381098,-0.52933057,-0.0041489511,-0.00036238688,0
2026-07-22,501,1195,178527,0.0094999636,-0.40919811,-0.0038873672,0.00026158396,0
2026-07-23,982,931,162852,0.011746862,0.026659697,0.00031316778,0.004200535,0
2026-07-24,538,900,145879,0.0098574846,-0.25173853,-0.0024815086,-0.0027946764,0
2026-07-25,289,717,92281,0.010901486,-0.42544732,-0.0046380078,-0.0021564992,0
2026-07-26,313,766,98797,0.010921384,-0.41983318,-0.0045851595,5.2848356e-05,0
2026-07-27,566,1073,137794,0.011894567,-0.30933496,-0.0036794055,0.00090575398,0
2026-07-28,1017,1493,193271,0.012986946,-0.18964143,-0.002462863,0.0012165425,0
2026-07-29,672,1171,162086,0.011370507,-0.27075421,-0.0030786126,-0.00061574956,0
2026-07-30,327,1152,168455,0.0087797928,-0.55780933,-0.0048974504,-0.0018188378,0
2026-07-31,345,815,149894,0.0077388021,-0.40517241,-0.0031355491,0.0017619012,0
2026-08-01,270,659,110262,0.0084253868,-0.41872982,-0.0035279607,-0.00039241155,0
2026-08-02,206,571,103171,0.0075311861,-0.46975547,-0.0035378159,-9.8551836e-06,0
2026-08-03,435,844,147538,0.0086689531,-0.31978108,-0.0027721672,0.00076564869,0
2026-08-04,443,983,157631,0.0090464439,-0.37868163,-0.0034257221,-0.00065355493,0
2026-08-05,647,1217,175970,0.010592715,-0.30579399,-0.0032391885,0.0001865336,0
2026-08-06,462,1079,159186,0.0096804995,-0.40038936,-0.003875969,-0.00063678049,0
2026-08-07,364,769,117971,0.0096040552,-0.35745808,-0.0034330471,0.00044292189,0
2026-08-08,422,1242,114555,0.014525774,-0.49278846,-0.0071581336,-0.0037250865,0
2026-08-09,221,766,103098,0.0095734156,-0.55217832,-0.0052862325,0.0018719011,0
2026-08-10,275,776,115167,0.0091258781,-0.47668887,-0.0043502045,0.00093602803,0
2026-08-11,351,647,131138,0.0076103036,-0.29659319,-0.0022571642,0.0020930403,0
2026-08-12,322,912,140458,0.0087855444,-0.47811994,-0.0042005439,-0.0019433797,0
2026-08-13,603,1221,179907,0.010138572,-0.33881579,-0.0034351081,0.0007654358,0
2026-08-14,634,993,194350,0.0083714947,-0.22065151,-0.0018471829,0.0015879252,0
2026-08-15,295,511,108259,0.0074451085,-0.26799007,-0.0019952152,-0.00014803226,0
2026-08-16,272,936,103863,0.011630706,-0.54966887,-0.006393037,-0.0043978218,0
2026-08-17,358,800,116203,0.0099653193,-0.38169257,-0.0038036884,0.0025893486,0
2026-08-18,500,1422,169174,0.011361084,-0.47970864,-0.00545001,-0.0016463217,0
2026-08-19,227,667,98916,0.0090379716,-0.49217002,-0.0044482187,0.0010017914,0
